condition,level,alpha,freq,psd
H,low,0.15,0.0,0.040054924478283516
H,low,0.15,0.02872242647058824,0.18249397385007154
H,low,0.15,0.05744485294117648,0.0525263651436919
H,low,0.15,0.08616727941176472,0.006281644433892386
H,low,0.15,0.11488970588235296,0.0014885085456651484
H,low,0.15,0.1436121323529412,0.0007126401951522279
H,low,0.15,0.17233455882352944,0.00041337387786322756
H,low,0.15,0.2010569852941177,0.00023996393235057792
H,low,0.15,0.22977941176470593,0.0001754068643063411
H,low,0.15,0.25850183823529416,0.00012332578928911326
H,low,0.15,0.2872242647058824,9.754025564894601e-05
H,low,0.15,0.3159466911764707,7.763062341699958e-05
H,low,0.15,0.3446691176470589,6.089175582442818e-05
H,low,0.15,0.37339154411764713,5.129593465654103e-05
H,low,0.15,0.4021139705882354,4.24955242368332e-05
H,low,0.15,0.4308363970588236,3.760605849483939e-05
H,low,0.15,0.45955882352941185,3.168777928187974e-05
H,low,0.15,0.4882812500000001,2.8228498519779055e-05
H,low,0.15,0.5170036764705883,2.5953406006588284e-05
H,low,0.15,0.5457261029411766,2.264326147575757e-05
H,low,0.15,0.5744485294117648,2.0184048175881367e-05
H,low,0.15,0.603170955882353,1.9817350408783807e-05
H,low,0.15,0.6318933823529413,1.76537763267834e-05
H,low,0.15,0.6606158088235295,1.5451622083432488e-05
H,low,0.15,0.6893382352941178,1.3610839193848034e-05
H,low,0.15,0.7180606617647061,1.2049940463170122e-05
H,low,0.15,0.7467830882352943,1.0180055796643433e-05
H,low,0.15,0.7755055147058825,8.84376157593529e-06
H,low,0.15,0.8042279411764708,8.895497164952765e-06
H,low,0.15,0.832950367647059,9.401688679244532e-06
H,low,0.15,0.8616727941176472,8.381409358888573e-06
H,low,0.15,0.8903952205882355,8.133883216749404e-06
H,low,0.15,0.9191176470588237,7.600756390721047e-06
H,low,0.15,0.9478400735294119,7.446266586270574e-06
H,low,0.15,0.9765625000000002,6.599847555020994e-06
H,low,0.15,1.0052849264705885,6.6243295666853235e-06
H,low,0.15,1.0340073529411766,6.4264244560873035e-06
H,low,0.15,1.062729779411765,5.313000645067242e-06
H,low,0.15,1.0914522058823533,5.194923099909893e-06
H,low,0.15,1.1201746323529413,4.773996479278668e-06
H,low,0.15,1.1488970588235297,4.516070685616828e-06
H,low,0.15,1.177619485294118,4.678121048481125e-06
H,low,0.15,1.206341911764706,4.207947605366832e-06
H,low,0.15,1.2350643382352944,3.8995022124575465e-06
H,low,0.15,1.2637867647058827,4.116054260906529e-06
H,low,0.15,1.2925091911764708,3.864026711994652e-06
H,low,0.15,1.321231617647059,3.571054761957341e-06
H,low,0.15,1.3499540441176474,3.6577554401979763e-06
H,low,0.15,1.3786764705882355,3.433990557199989e-06
H,low,0.15,1.4073988970588238,3.117102336741981e-06
H,low,0.15,1.4361213235294121,2.996864284906657e-06
H,low,0.15,1.4648437500000002,3.0483428076121144e-06
H,low,0.15,1.4935661764705885,2.8757373275512163e-06
H,low,0.15,1.5222886029411768,2.742773841085339e-06
H,low,0.15,1.551011029411765,2.693639304867244e-06
H,low,0.15,1.5797334558823533,2.4099541930831515e-06
H,low,0.15,1.6084558823529416,2.3672424338703755e-06
H,low,0.15,1.6371783088235297,2.2746184876774155e-06
H,low,0.15,1.665900735294118,2.359703571575426e-06
H,low,0.15,1.6946231617647063,2.36231195181982e-06
H,low,0.15,1.7233455882352944,2.3014568912695813e-06
H,low,0.15,1.7520680147058827,2.340500684641993e-06
H,low,0.15,1.780790441176471,2.008871727008133e-06
H,low,0.15,1.809512867647059,1.9709886890114767e-06
H,low,0.15,1.8382352941176474,1.829797820110981e-06
H,low,0.15,1.8669577205882357,1.6087561939368711e-06
H,low,0.15,1.8956801470588238,1.6856964133988655e-06
H,low,0.15,1.9244025735294121,1.7580869649356033e-06
H,low,0.15,1.9531250000000004,1.727102396651301e-06
H,low,0.15,1.9818474264705885,1.672711424485094e-06
H,low,0.15,2.010569852941177,1.6360584287491687e-06
H,low,0.15,2.039292279411765,1.574609101555536e-06
H,low,0.15,2.0680147058823533,1.4478666311095556e-06
H,low,0.15,2.0967371323529416,1.4244456820590708e-06
H,low,0.15,2.12545955882353,1.3989287362024505e-06
H,low,0.15,2.154181985294118,1.4036366595588743e-06
H,low,0.15,2.1829044117647065,1.3711210772658767e-06
H,low,0.15,2.2116268382352944,1.3291829220587096e-06
H,low,0.15,2.2403492647058827,1.2438700630853604e-06
H,low,0.15,2.269071691176471,1.2222803844412196e-06
H,low,0.15,2.2977941176470593,1.2294332955600688e-06
H,low,0.15,2.3265165441176476,1.2479808518713378e-06
H,low,0.15,2.355238970588236,1.1726504377932573e-06
H,low,0.15,2.383961397058824,1.0578234857064623e-06
H,low,0.15,2.412683823529412,1.1186932931338368e-06
H,low,0.15,2.4414062500000004,1.098159170939744e-06
H,low,0.15,2.4701286764705888,1.0618939516587379e-06
H,low,0.15,2.498851102941177,1.1167520919729787e-06
H,low,0.15,2.5275735294117654,1.1607063423623112e-06
H,low,0.15,2.5562959558823533,1.0606043286385043e-06
H,low,0.15,2.5850183823529416,9.603402631945196e-07
H,low,0.15,2.61374080882353,9.160060125324433e-07
H,low,0.15,2.642463235294118,9.586878487952964e-07
H,low,0.15,2.6711856617647065,9.499486019267677e-07
H,low,0.15,2.699908088235295,8.405756064361343e-07
H,low,0.15,2.7286305147058827,8.741478608939823e-07
H,low,0.15,2.757352941176471,9.283884940069686e-07
H,low,0.15,2.7860753676470593,8.586019701097553e-07
H,low,0.15,2.8147977941176476,8.563523617046201e-07
H,low,0.15,2.843520220588236,8.642405608459091e-07
H,low,0.15,2.8722426470588243,8.271747706254486e-07
H,low,0.15,2.900965073529412,7.960225881169071e-07
H,low,0.15,2.9296875000000004,8.037345377700875e-07
H,low,0.15,2.9584099264705888,7.617323763254057e-07
H,low,0.15,2.987132352941177,7.367198530727493e-07
H,low,0.15,3.0158547794117654,6.635463391124767e-07
H,low,0.15,3.0445772058823537,6.575669159665066e-07
H,low,0.15,3.0732996323529416,6.749117564417536e-07
H,low,0.15,3.10202205882353,6.672882325867253e-07
H,low,0.15,3.130744485294118,6.248972104706329e-07
H,low,0.15,3.1594669117647065,6.414508458393825e-07
H,low,0.15,3.188189338235295,6.612067280752271e-07
H,low,0.15,3.216911764705883,6.66507024996004e-07
H,low,0.15,3.245634191176471,6.533171522631638e-07
H,low,0.15,3.2743566176470593,5.79613370003941e-07
H,low,0.15,3.3030790441176476,6.41010107309235e-07
H,low,0.15,3.331801470588236,6.006987244943582e-07
H,low,0.15,3.3605238970588243,5.766870690379091e-07
H,low,0.15,3.3892463235294126,5.201531193079951e-07
H,low,0.15,3.4179687500000004,5.069220765576162e-07
H,low,0.15,3.4466911764705888,5.11965266815797e-07
H,low,0.15,3.475413602941177,5.378129941013522e-07
H,low,0.15,3.5041360294117654,5.792796720965152e-07
H,low,0.15,3.5328584558823537,6.155530708559938e-07
H,low,0.15,3.561580882352942,5.7064583967253e-07
H,low,0.15,3.59030330882353,5.325705283062716e-07
H,low,0.15,3.619025735294118,5.332954524004512e-07
H,low,0.15,3.6477481617647065,5.573894646920908e-07
H,low,0.15,3.676470588235295,4.633672002485245e-07
H,low,0.15,3.705193014705883,4.334047860840922e-07
H,low,0.15,3.7339154411764715,4.646197606654967e-07
H,low,0.15,3.7626378676470598,4.501947427926069e-07
H,low,0.15,3.7913602941176476,4.3556559541890966e-07
H,low,0.15,3.820082720588236,4.655489880781237e-07
H,low,0.15,3.8488051470588243,4.806810032208912e-07
H,low,0.15,3.8775275735294126,4.562949710219432e-07
H,low,0.15,3.906250000000001,4.6463392454456875e-07
H,low,0.15,3.934972426470589,3.961470189584717e-07
H,low,0.15,3.963694852941177,4.0900331687551515e-07
H,low,0.15,3.9924172794117654,4.4822396286049934e-07
H,low,0.15,4.021139705882354,4.1731095826553096e-07
H,low,0.15,4.049862132352942,4.1006902214401325e-07
H,low,0.15,4.07858455882353,3.86890332687257e-07
H,low,0.15,4.107306985294119,3.9970687473429415e-07
H,low,0.15,4.1360294117647065,3.6523483264899024e-07
H,low,0.15,4.164751838235295,3.684760727662534e-07
H,low,0.15,4.193474264705883,4.2227130025128374e-07
H,low,0.15,4.222196691176471,3.775976537268073e-07
H,low,0.15,4.25091911764706,3.6918437166531627e-07
H,low,0.15,4.279641544117648,4.080911300833671e-07
H,low,0.15,4.308363970588236,4.036130233630273e-07
H,low,0.15,4.337086397058824,3.7707421739658154e-07
H,low,0.15,4.365808823529413,3.5938897014837054e-07
H,low,0.15,4.394531250000001,3.5724457305507986e-07
H,low,0.15,4.423253676470589,3.505514597134994e-07
H,low,0.15,4.4519761029411775,3.6978928067313524e-07
H,low,0.15,4.480698529411765,3.7732980916523215e-07
H,low,0.15,4.509420955882354,3.688863296596087e-07
H,low,0.15,4.538143382352942,3.5040104676511633e-07
H,low,0.15,4.56686580882353,3.1490219332340746e-07
H,low,0.15,4.595588235294119,3.014432482867955e-07
H,low,0.15,4.6243106617647065,3.2889837187423086e-07
H,low,0.15,4.653033088235295,3.082913989341668e-07
H,low,0.15,4.681755514705883,3.129156876568727e-07
H,low,0.15,4.710477941176472,3.093406040630261e-07
H,low,0.15,4.73920036764706,2.924407677611741e-07
H,low,0.15,4.767922794117648,2.7444880988301146e-07
H,low,0.15,4.796645220588236,2.8020190445316745e-07
H,low,0.15,4.825367647058824,2.829596116674322e-07
H,low,0.15,4.854090073529413,2.991402642720137e-07
H,low,0.15,4.882812500000001,3.0108795624359175e-07
H,low,0.15,4.911534926470589,2.75403719776703e-07
H,low,0.15,4.9402573529411775,2.767363169453437e-07
H,low,0.15,4.968979779411765,2.790216514872675e-07
H,low,0.15,4.997702205882354,2.7116120345735065e-07
H,low,0.15,5.026424632352942,2.621721509931952e-07
H,low,0.15,5.055147058823531,2.6442963756777386e-07
H,low,0.15,5.083869485294119,2.461428746924362e-07
H,low,0.15,5.1125919117647065,2.5806713869825016e-07
H,low,0.15,5.141314338235295,2.582828848328974e-07
H,low,0.15,5.170036764705883,2.529624066111087e-07
H,low,0.15,5.198759191176472,2.213350644950276e-07
H,low,0.15,5.22748161764706,2.6324524303866264e-07
H,low,0.15,5.256204044117648,2.759979472602991e-07
H,low,0.15,5.284926470588236,2.4795473750614234e-07
H,low,0.15,5.313648897058824,2.175950563706497e-07
H,low,0.15,5.342371323529413,2.199687623191977e-07
H,low,0.15,5.371093750000001,2.3442767845452527e-07
H,low,0.15,5.39981617647059,2.5601526477070767e-07
H,low,0.15,5.4285386029411775,2.582384133751823e-07
H,low,0.15,5.457261029411765,2.2484675697444943e-07
H,low,0.15,5.485983455882354,2.3473864237585998e-07
H,low,0.15,5.514705882352942,2.2812532429939335e-07
H,low,0.15,5.543428308823531,2.1313623179132274e-07
H,low,0.15,5.572150735294119,2.323470983403907e-07
H,low,0.15,5.600873161764707,2.3668560928627452e-07
H,low,0.15,5.629595588235295,2.2916723160554665e-07
H,low,0.15,5.658318014705883,2.208052814729999e-07
H,low,0.15,5.687040441176472,2.0791274861958684e-07
H,low,0.15,5.71576286764706,2.183904080394082e-07
H,low,0.15,5.7444852941176485,2.1773147820919704e-07
H,low,0.15,5.773207720588236,2.007666211125197e-07
H,low,0.15,5.801930147058824,2.0722878986362382e-07
H,low,0.15,5.830652573529413,2.1320149827686562e-07
H,low,0.15,5.859375000000001,1.988689887460928e-07
H,low,0.15,5.88809742647059,2.0560976380740797e-07
H,low,0.15,5.9168198529411775,1.9970249634280212e-07
H,low,0.15,5.945542279411766,1.8901105843268343e-07
H,low,0.15,5.974264705882354,1.9923786122381162e-07
H,low,0.15,6.002987132352942,1.9906311921676856e-07
H,low,0.15,6.031709558823531,1.955976154576309e-07
H,low,0.15,6.060431985294119,1.9260219942067452e-07
H,low,0.15,6.089154411764707,1.9219491764697753e-07
H,low,0.15,6.117876838235295,2.046571784755288e-07
H,low,0.15,6.146599264705883,1.9709274766357417e-07
H,low,0.15,6.175321691176472,1.9584756621685548e-07
H,low,0.15,6.20404411764706,1.8903842472286025e-07
H,low,0.15,6.2327665441176485,1.802650339278644e-07
H,low,0.15,6.261488970588236,1.9257923386848233e-07
H,low,0.15,6.290211397058825,2.0674398646614236e-07
H,low,0.15,6.318933823529413,1.9578165883447405e-07
H,low,0.15,6.347656250000001,1.896303130989838e-07
H,low,0.15,6.37637867647059,1.884031300424993e-07
H,low,0.15,6.4051011029411775,1.799294097775283e-07
H,low,0.15,6.433823529411766,1.8273789093147057e-07
H,low,0.15,6.462545955882354,1.7983616231893176e-07
H,low,0.15,6.491268382352942,1.8478352860140793e-07
H,low,0.15,6.519990808823531,1.8147151235240258e-07
H,low,0.15,6.548713235294119,1.8755827808089617e-07
H,low,0.15,6.577435661764707,1.8388695526650378e-07
H,low,0.15,6.606158088235295,1.843224303056194e-07
H,low,0.15,6.634880514705884,1.7617265276525232e-07
H,low,0.15,6.663602941176472,1.6824300294133002e-07
H,low,0.15,6.69232536764706,1.6836897465112545e-07
H,low,0.15,6.7210477941176485,1.669678123472628e-07
H,low,0.15,6.749770220588236,1.376027395915908e-07
H,low,0.15,6.778492647058825,1.4668055377472903e-07
H,low,0.15,6.807215073529413,1.6508311106879835e-07
H,low,0.15,6.835937500000001,1.551056054264216e-07
H,low,0.15,6.86465992647059,1.63252863907925e-07
H,low,0.15,6.8933823529411775,1.6550916704486535e-07
H,low,0.15,6.922104779411766,1.5037876710588351e-07
H,low,0.15,6.950827205882354,1.633407286278219e-07
H,low,0.15,6.979549632352943,1.5838218761647536e-07
H,low,0.15,7.008272058823531,1.5257984351176237e-07
H,low,0.15,7.036994485294119,1.6747329805148484e-07
H,low,0.15,7.065716911764707,1.680637167056796e-07
H,low,0.15,7.094439338235295,1.5533391221506884e-07
H,low,0.15,7.123161764705884,1.3928919016645261e-07
H,low,0.15,7.151884191176472,1.3902599750699579e-07
H,low,0.15,7.18060661764706,1.448443160735661e-07
H,low,0.15,7.2093290441176485,1.4960093929319538e-07
H,low,0.15,7.238051470588236,1.5444958167397154e-07
H,low,0.15,7.266773897058825,1.468467000651059e-07
H,low,0.15,7.295496323529413,1.635377331320719e-07
H,low,0.15,7.324218750000002,1.5350550481313437e-07
H,low,0.15,7.35294117647059,1.491872378828552e-07
H,low,0.15,7.3816636029411775,1.4586862811414578e-07
H,low,0.15,7.410386029411766,1.4010437201677572e-07
H,low,0.15,7.439108455882354,1.268122363526003e-07
H,low,0.15,7.467830882352943,1.3216468815800672e-07
H,low,0.15,7.496553308823531,1.451562491503772e-07
H,low,0.15,7.5252757352941195,1.4121909141528795e-07
H,low,0.15,7.553998161764707,1.3584457509850859e-07
H,low,0.15,7.582720588235295,1.3434678112672847e-07
H,low,0.15,7.611443014705884,1.3861438599682704e-07
H,low,0.15,7.640165441176472,1.480451865888526e-07
H,low,0.15,7.668887867647061,1.576468515363282e-07
H,low,0.15,7.6976102941176485,1.322889409274568e-07
H,low,0.15,7.726332720588236,1.3115092091272528e-07
H,low,0.15,7.755055147058825,1.2858404024572034e-07
H,low,0.15,7.783777573529413,1.3596311986099744e-07
H,low,0.15,7.812500000000002,1.3794834531502407e-07
H,low,0.15,7.84122242647059,1.3411412733809398e-07
H,low,0.15,7.869944852941178,1.3062449461519668e-07
H,low,0.15,7.898667279411766,1.404094158772509e-07
H,low,0.15,7.927389705882354,1.400149157929834e-07
H,low,0.15,7.956112132352943,1.3392640343488877e-07
H,low,0.15,7.984834558823531,1.4023146704054165e-07
H,low,0.15,8.01355698529412,1.3407133352596667e-07
H,low,0.15,8.042279411764708,1.2506617831740649e-07
H,low,0.15,8.071001838235295,1.3274624182020423e-07
H,low,0.15,8.099724264705884,1.2651728008529559e-07
H,low,0.15,8.128446691176473,1.2501165293017065e-07
H,low,0.15,8.15716911764706,1.2695061653906084e-07
H,low,0.15,8.185891544117649,1.2233066289535258e-07
H,low,0.15,8.214613970588237,1.277394248637865e-07
H,low,0.15,8.243336397058824,1.3372526667755873e-07
H,low,0.15,8.272058823529413,1.3380199358545077e-07
H,low,0.15,8.300781250000002,1.2556595128728897e-07
H,low,0.15,8.32950367647059,1.2629804575405288e-07
H,low,0.15,8.358226102941178,1.1340541067644168e-07
H,low,0.15,8.386948529411766,1.1762714641798367e-07
H,low,0.15,8.415670955882355,1.1528176317811222e-07
H,low,0.15,8.444393382352942,1.2209471277922372e-07
H,low,0.15,8.47311580882353,1.2385677850208424e-07
H,low,0.15,8.50183823529412,1.197530762565154e-07
H,low,0.15,8.530560661764708,1.144916577676484e-07
H,low,0.15,8.559283088235295,1.1182727172523166e-07
H,low,0.15,8.588005514705884,1.0893300186506483e-07
H,low,0.15,8.616727941176473,1.0922041594314563e-07
H,low,0.15,8.64545036764706,1.0424964544817959e-07
H,low,0.15,8.674172794117649,1.0778178392969497e-07
H,low,0.15,8.702895220588237,1.1339980247983135e-07
H,low,0.15,8.731617647058826,1.1251050390941085e-07
H,low,0.15,8.760340073529413,1.0827909252727345e-07
H,low,0.15,8.789062500000002,1.0432667133446589e-07
H,low,0.15,8.81778492647059,1.0302063745345529e-07
H,low,0.15,8.846507352941178,1.163371094814353e-07
H,low,0.15,8.875229779411766,1.1297534165753668e-07
H,low,0.15,8.903952205882355,1.2370401938176002e-07
H,low,0.15,8.932674632352942,1.188047291628009e-07
H,low,0.15,8.96139705882353,1.0260422239651091e-07
H,low,0.15,8.99011948529412,1.0169948829567601e-07
H,low,0.15,9.018841911764708,1.0675157969968918e-07
H,low,0.15,9.047564338235295,1.0268997517711111e-07
H,low,0.15,9.076286764705884,9.694574895750681e-08
H,low,0.15,9.105009191176473,9.372042006301713e-08
H,low,0.15,9.13373161764706,1.0562606804740714e-07
H,low,0.15,9.162454044117649,1.030377954889025e-07
H,low,0.15,9.191176470588237,8.617075152411353e-08
H,low,0.15,9.219898897058826,8.953106407443981e-08
H,low,0.15,9.248621323529413,1.0839353854054987e-07
H,low,0.15,9.277343750000002,1.0495425617046358e-07
H,low,0.15,9.30606617647059,9.89130652014195e-08
H,low,0.15,9.334788602941178,9.483467602659423e-08
H,low,0.15,9.363511029411766,9.868472953671771e-08
H,low,0.15,9.392233455882355,1.0361713036290906e-07
H,low,0.15,9.420955882352944,9.235818307046205e-08
H,low,0.15,9.44967830882353,8.995264271519101e-08
H,low,0.15,9.47840073529412,1.0147807527056384e-07
H,low,0.15,9.507123161764708,1.0750549590784397e-07
H,low,0.15,9.535845588235295,1.1349190383374045e-07
H,low,0.15,9.564568014705884,1.018245540997306e-07
H,low,0.15,9.593290441176473,1.0019768125780005e-07
H,low,0.15,9.622012867647062,1.0544195121347511e-07
H,low,0.15,9.650735294117649,1.031716048848728e-07
H,low,0.15,9.679457720588237,9.901125896773683e-08
H,low,0.15,9.708180147058826,1.0143616484310274e-07
H,low,0.15,9.736902573529413,9.752953309285294e-08
H,low,0.15,9.765625000000002,9.968494287640969e-08
H,low,0.15,9.79434742647059,9.550272521328033e-08
H,low,0.15,9.823069852941178,9.637116086127412e-08
H,low,0.15,9.851792279411766,9.952324743094415e-08
H,low,0.15,9.880514705882355,9.059535733634689e-08
H,low,0.15,9.909237132352944,9.0364961840443e-08
H,low,0.15,9.93795955882353,9.74137904195156e-08
H,low,0.15,9.96668198529412,9.271032685885683e-08
H,low,0.15,9.995404411764708,8.374982192425296e-08
H,low,0.15,10.024126838235295,8.603791218224129e-08
H,low,0.15,10.052849264705884,8.727905412839067e-08
H,low,0.15,10.081571691176473,7.714425973556225e-08
H,low,0.15,10.110294117647062,8.647206849065162e-08
H,low,0.15,10.139016544117649,9.49540087292085e-08
H,low,0.15,10.167738970588237,9.144810772803425e-08
H,low,0.15,10.196461397058826,8.523516802527145e-08
H,low,0.15,10.225183823529413,8.533838206896423e-08
H,low,0.15,10.253906250000002,9.320090565597425e-08
H,low,0.15,10.28262867647059,9.05295481738492e-08
H,low,0.15,10.31135110294118,8.599054841277916e-08
H,low,0.15,10.340073529411766,9.43927870383294e-08
H,low,0.15,10.368795955882355,9.699523208186716e-08
H,low,0.15,10.397518382352944,9.078568354339496e-08
H,low,0.15,10.42624080882353,8.623677875053272e-08
H,low,0.15,10.45496323529412,8.647546919790323e-08
H,low,0.15,10.483685661764708,9.066849371160473e-08
H,low,0.15,10.512408088235295,9.127134482768785e-08
H,low,0.15,10.541130514705884,8.714419895629316e-08
H,low,0.15,10.569852941176473,8.935447349792211e-08
H,low,0.15,10.598575367647062,9.365504463281507e-08
H,low,0.15,10.627297794117649,9.016138300124527e-08
H,low,0.15,10.656020220588237,8.671603398129652e-08
H,low,0.15,10.684742647058826,9.013121778638578e-08
H,low,0.15,10.713465073529413,8.544228357998628e-08
H,low,0.15,10.742187500000002,7.533517445046804e-08
H,low,0.15,10.77090992647059,7.250469787413829e-08
H,low,0.15,10.79963235294118,7.793583889906046e-08
H,low,0.15,10.828354779411766,8.670863726664297e-08
H,low,0.15,10.857077205882355,8.300813316826778e-08
H,low,0.15,10.885799632352944,8.829630068793111e-08
H,low,0.15,10.91452205882353,8.541070040243226e-08
H,low,0.15,10.94324448529412,7.93985791354426e-08
H,low,0.15,10.971966911764708,8.513718645884617e-08
H,low,0.15,11.000689338235297,8.982069338006284e-08
H,low,0.15,11.029411764705884,8.978484089385511e-08
H,low,0.15,11.058134191176473,8.471653404707618e-08
H,low,0.15,11.086856617647062,8.866685931065492e-08
H,low,0.15,11.115579044117649,8.909526271742923e-08
H,low,0.15,11.144301470588237,8.058770620611982e-08
H,low,0.15,11.173023897058826,7.657982170961767e-08
H,low,0.15,11.201746323529415,8.08017474317428e-08
H,low,0.15,11.230468750000002,8.804919560226993e-08
H,low,0.15,11.25919117647059,8.476733670969104e-08
H,low,0.15,11.28791360294118,8.811952891285959e-08
H,low,0.15,11.316636029411766,9.315275500812347e-08
H,low,0.15,11.345358455882355,9.371263079887377e-08
H,low,0.15,11.374080882352944,8.997882454054808e-08
H,low,0.15,11.40280330882353,8.221345664442805e-08
H,low,0.15,11.43152573529412,7.979879418554632e-08
H,low,0.15,11.460248161764708,7.527850946591745e-08
H,low,0.15,11.488970588235297,7.422859022707756e-08
H,low,0.15,11.517693014705884,7.473169554915424e-08
H,low,0.15,11.546415441176473,7.813025718126707e-08
H,low,0.15,11.575137867647062,8.109210039157858e-08
H,low,0.15,11.603860294117649,8.35805318406872e-08
H,low,0.15,11.632582720588237,7.98754350633347e-08
H,low,0.15,11.661305147058826,8.146443570323059e-08
H,low,0.15,11.690027573529415,8.534399892462268e-08
H,low,0.15,11.718750000000002,7.529350816828663e-08
H,low,0.15,11.74747242647059,8.230982883058218e-08
H,low,0.15,11.77619485294118,7.719556867954276e-08
H,low,0.15,11.804917279411766,7.359755536385998e-08
H,low,0.15,11.833639705882355,7.642013682982923e-08
H,low,0.15,11.862362132352944,7.898430848392594e-08
H,low,0.15,11.891084558823533,7.59417808279515e-08
H,low,0.15,11.91980698529412,8.274832708426837e-08
H,low,0.15,11.948529411764708,8.512189909213388e-08
H,low,0.15,11.977251838235297,8.071284965940146e-08
H,low,0.15,12.005974264705884,7.98169669972018e-08
H,low,0.15,12.034696691176473,8.810527045207827e-08
H,low,0.15,12.063419117647062,8.524108438636332e-08
H,low,0.15,12.092141544117649,7.53057336606071e-08
H,low,0.15,12.120863970588237,7.519892639183354e-08
H,low,0.15,12.149586397058826,7.294850303705247e-08
H,low,0.15,12.178308823529415,7.51386990784974e-08
H,low,0.15,12.207031250000002,7.839545637945997e-08
H,low,0.15,12.23575367647059,7.471934832648451e-08
H,low,0.15,12.26447610294118,7.695727219820882e-08
H,low,0.15,12.293198529411766,8.29759982569949e-08
H,low,0.15,12.321920955882355,7.27617353863236e-08
H,low,0.15,12.350643382352944,7.214421955797611e-08
H,low,0.15,12.379365808823533,7.444968084616618e-08
H,low,0.15,12.40808823529412,7.56190307860661e-08
H,low,0.15,12.436810661764708,7.692457976808141e-08
H,low,0.15,12.465533088235297,7.320946341411268e-08
H,low,0.15,12.494255514705884,7.560938868039404e-08
H,low,0.15,12.522977941176473,7.810740624075017e-08
H,low,0.15,12.551700367647062,7.064160763079136e-08
H,low,0.15,12.58042279411765,7.089162736534513e-08
H,low,0.15,12.609145220588237,7.433745101803194e-08
H,low,0.15,12.637867647058826,7.560150217017744e-08
H,low,0.15,12.666590073529415,8.087001538179299e-08
H,low,0.15,12.695312500000002,7.557598229138836e-08
H,low,0.15,12.72403492647059,7.529008004516664e-08
H,low,0.15,12.75275735294118,7.00412444160072e-08
H,low,0.15,12.781479779411766,7.217636221510799e-08
H,low,0.15,12.810202205882355,7.281616899884156e-08
H,low,0.15,12.838924632352944,8.139373264422565e-08
H,low,0.15,12.867647058823533,8.236800726431015e-08
H,low,0.15,12.89636948529412,8.065349879306769e-08
H,low,0.15,12.925091911764708,8.195105982668189e-08
H,low,0.15,12.953814338235297,7.242259997080805e-08
H,low,0.15,12.982536764705884,6.570226107713207e-08
H,low,0.15,13.011259191176473,7.463104948498108e-08
H,low,0.15,13.039981617647062,7.686554852380747e-08
H,low,0.15,13.06870404411765,7.481007107721825e-08
H,low,0.15,13.097426470588237,7.447495919717285e-08
H,low,0.15,13.126148897058826,7.053607761626483e-08
H,low,0.15,13.154871323529415,6.827420712744871e-08
H,low,0.15,13.183593750000002,7.963310111878858e-08
H,low,0.15,13.21231617647059,8.139765200716707e-08
H,low,0.15,13.24103860294118,7.481704993737975e-08
H,low,0.15,13.269761029411768,7.05753788641885e-08
H,low,0.15,13.298483455882355,7.310204622629414e-08
H,low,0.15,13.327205882352944,8.071539855200994e-08
H,low,0.15,13.355928308823533,7.688528882912491e-08
H,low,0.15,13.38465073529412,7.626927959819805e-08
H,low,0.15,13.413373161764708,7.896292263705736e-08
H,low,0.15,13.442095588235297,7.655358555874912e-08
H,low,0.15,13.470818014705886,7.557354080337777e-08
H,low,0.15,13.499540441176473,7.29340156468386e-08
H,low,0.15,13.528262867647062,7.109484816500299e-08
H,low,0.15,13.55698529411765,7.19743176740695e-08
H,low,0.15,13.585707720588237,7.532448328377291e-08
H,low,0.15,13.614430147058826,7.630304428616998e-08
H,low,0.15,13.643152573529415,7.609246057059696e-08
H,low,0.15,13.671875000000002,7.653666504793016e-08
H,low,0.15,13.70059742647059,7.900926148292596e-08
H,low,0.15,13.72931985294118,7.526879389778671e-08
H,low,0.15,13.758042279411768,7.50859248011439e-08
H,low,0.15,13.786764705882355,7.36086409136274e-08
H,low,0.15,13.815487132352944,7.290114873322442e-08
H,low,0.15,13.844209558823533,7.622370551150261e-08
H,low,0.15,13.87293198529412,7.467842034856064e-08
H,low,0.15,13.901654411764708,7.294647440440145e-08
H,low,0.15,13.930376838235297,7.329499467420482e-08
H,low,0.15,13.959099264705886,7.217722013595492e-08
H,low,0.15,13.987821691176473,7.40101915123272e-08
H,low,0.15,14.016544117647062,7.700893764626839e-08
H,low,0.15,14.04526654411765,7.148851112577235e-08
H,low,0.15,14.073988970588237,7.090987753831307e-08
H,low,0.15,14.102711397058826,6.970522626144454e-08
H,low,0.15,14.131433823529415,7.00356164263854e-08
H,low,0.15,14.160156250000004,7.185309005155197e-08
H,low,0.15,14.18887867647059,6.525545239231227e-08
H,low,0.15,14.21760110294118,6.637674630058325e-08
H,low,0.15,14.246323529411768,7.110626390721827e-08
H,low,0.15,14.275045955882355,7.014856511635822e-08
H,low,0.15,14.303768382352944,6.75547986003994e-08
H,low,0.15,14.332490808823533,7.002563950436402e-08
H,low,0.15,14.36121323529412,7.450260188387542e-08
H,low,0.15,14.389935661764708,7.708181412561668e-08
H,low,0.15,14.418658088235297,7.386662611141684e-08
H,low,0.15,14.447380514705886,6.900285306839394e-08
H,low,0.15,14.476102941176473,6.779906938316038e-08
H,low,0.15,14.504825367647062,7.23699063077894e-08
H,low,0.15,14.53354779411765,7.220508108393292e-08
H,low,0.15,14.562270220588237,7.429140354935199e-08
H,low,0.15,14.590992647058826,7.834542900768124e-08
H,low,0.15,14.619715073529415,7.700347671549254e-08
H,low,0.15,14.648437500000004,7.505107095690669e-08
H,low,0.15,14.67715992647059,6.976475922414997e-08
H,low,0.15,14.70588235294118,3.068859272633493e-08
H,high,1.0,0.0,0.026881694238935668
H,high,1.0,0.02872242647058824,0.12823657357981738
H,high,1.0,0.05744485294117648,0.10400367811493505
H,high,1.0,0.08616727941176472,0.02934363829106746
H,high,1.0,0.11488970588235296,0.009801284744307087
H,high,1.0,0.1436121323529412,0.004823618030104977
H,high,1.0,0.17233455882352944,0.0035814014044563323
H,high,1.0,0.2010569852941177,0.0023878208393778347
H,high,1.0,0.22977941176470593,0.001387344026595623
H,high,1.0,0.25850183823529416,0.000981705727318314
H,high,1.0,0.2872242647058824,0.0007597720663204523
H,high,1.0,0.3159466911764707,0.000656154077279701
H,high,1.0,0.3446691176470589,0.000551108292867154
H,high,1.0,0.37339154411764713,0.00043941769534253116
H,high,1.0,0.4021139705882354,0.0003798574405146522
H,high,1.0,0.4308363970588236,0.0003540923046652032
H,high,1.0,0.45955882352941185,0.00029107963186185876
H,high,1.0,0.4882812500000001,0.00024125160489491104
H,high,1.0,0.5170036764705883,0.00022641396573669354
H,high,1.0,0.5457261029411766,0.00021568718223940363
H,high,1.0,0.5744485294117648,0.00019028480326463383
H,high,1.0,0.603170955882353,0.00018530928066262965
H,high,1.0,0.6318933823529413,0.0001686610974824772
H,high,1.0,0.6606158088235295,0.00014327155073990604
H,high,1.0,0.6893382352941178,0.00012420906369661294
H,high,1.0,0.7180606617647061,0.00011143528451360149
H,high,1.0,0.7467830882352943,9.739221420028666e-05
H,high,1.0,0.7755055147058825,8.556900947638163e-05
H,high,1.0,0.8042279411764708,8.444154990673701e-05
H,high,1.0,0.832950367647059,8.5980715107565e-05
H,high,1.0,0.8616727941176472,7.765509075999898e-05
H,high,1.0,0.8903952205882355,7.559837422510462e-05
H,high,1.0,0.9191176470588237,7.418715621234877e-05
H,high,1.0,0.9478400735294119,7.161834884031757e-05
H,high,1.0,0.9765625000000002,6.258413745571903e-05
H,high,1.0,1.0052849264705885,6.292676290701184e-05
H,high,1.0,1.0340073529411766,6.158308070043697e-05
H,high,1.0,1.062729779411765,5.205936422677418e-05
H,high,1.0,1.0914522058823533,5.070044570211807e-05
H,high,1.0,1.1201746323529413,4.63811864970595e-05
H,high,1.0,1.1488970588235297,4.356710349308527e-05
H,high,1.0,1.177619485294118,4.5553176653153696e-05
H,high,1.0,1.206341911764706,4.075882243614686e-05
H,high,1.0,1.2350643382352944,3.834065245581546e-05
H,high,1.0,1.2637867647058827,3.992023513327816e-05
H,high,1.0,1.2925091911764708,3.7675093898725256e-05
H,high,1.0,1.321231617647059,3.47919797230969e-05
H,high,1.0,1.3499540441176474,3.579131402593687e-05
H,high,1.0,1.3786764705882355,3.366220929285393e-05
H,high,1.0,1.4073988970588238,3.017617526558706e-05
H,high,1.0,1.4361213235294121,2.900609388002852e-05
H,high,1.0,1.4648437500000002,2.9577976343653005e-05
H,high,1.0,1.4935661764705885,2.8019392564049326e-05
H,high,1.0,1.5222886029411768,2.667455165765413e-05
H,high,1.0,1.551011029411765,2.591647777403805e-05
H,high,1.0,1.5797334558823533,2.3257974294131146e-05
H,high,1.0,1.6084558823529416,2.3042038226429272e-05
H,high,1.0,1.6371783088235297,2.19723677877073e-05
H,high,1.0,1.665900735294118,2.261255348205591e-05
H,high,1.0,1.6946231617647063,2.2923764409968463e-05
H,high,1.0,1.7233455882352944,2.2445228742872882e-05
H,high,1.0,1.7520680147058827,2.256840005161362e-05
H,high,1.0,1.780790441176471,1.9484563624611486e-05
H,high,1.0,1.809512867647059,1.915533864848793e-05
H,high,1.0,1.8382352941176474,1.7808086736483033e-05
H,high,1.0,1.8669577205882357,1.5537045882885538e-05
H,high,1.0,1.8956801470588238,1.642972059226518e-05
H,high,1.0,1.9244025735294121,1.7231707125279235e-05
H,high,1.0,1.9531250000000004,1.6898104126216418e-05
H,high,1.0,1.9818474264705885,1.618602264873019e-05
H,high,1.0,2.010569852941177,1.57496487475947e-05
H,high,1.0,2.039292279411765,1.534683521045768e-05
H,high,1.0,2.0680147058823533,1.4120392621093166e-05
H,high,1.0,2.0967371323529416,1.387355423775439e-05
H,high,1.0,2.12545955882353,1.3566575967387908e-05
H,high,1.0,2.154181985294118,1.3545411564905318e-05
H,high,1.0,2.1829044117647065,1.3152480148678555e-05
H,high,1.0,2.2116268382352944,1.2942198863524493e-05
H,high,1.0,2.2403492647058827,1.2141524782918971e-05
H,high,1.0,2.269071691176471,1.1860153638822993e-05
H,high,1.0,2.2977941176470593,1.1896721583559529e-05
H,high,1.0,2.3265165441176476,1.2280839919284932e-05
H,high,1.0,2.355238970588236,1.1502295426199452e-05
H,high,1.0,2.383961397058824,1.0346633885088424e-05
H,high,1.0,2.412683823529412,1.0857822573153236e-05
H,high,1.0,2.4414062500000004,1.0642589532302896e-05
H,high,1.0,2.4701286764705888,1.0370644094834938e-05
H,high,1.0,2.498851102941177,1.0900065481751364e-05
H,high,1.0,2.5275735294117654,1.1328629404280164e-05
H,high,1.0,2.5562959558823533,1.0384931085518612e-05
H,high,1.0,2.5850183823529416,9.294406456835743e-06
H,high,1.0,2.61374080882353,8.927748770749037e-06
H,high,1.0,2.642463235294118,9.329042931420656e-06
H,high,1.0,2.6711856617647065,9.244422541419116e-06
H,high,1.0,2.699908088235295,8.117897475230599e-06
H,high,1.0,2.7286305147058827,8.467330112442233e-06
H,high,1.0,2.757352941176471,9.056770000998354e-06
H,high,1.0,2.7860753676470593,8.368529346259079e-06
H,high,1.0,2.8147977941176476,8.402811669495557e-06
H,high,1.0,2.843520220588236,8.405481183282145e-06
H,high,1.0,2.8722426470588243,8.03982548805894e-06
H,high,1.0,2.900965073529412,7.711511670702982e-06
H,high,1.0,2.9296875000000004,7.86026962680074e-06
H,high,1.0,2.9584099264705888,7.428014020994593e-06
H,high,1.0,2.987132352941177,7.216617112176751e-06
H,high,1.0,3.0158547794117654,6.460744014843754e-06
H,high,1.0,3.0445772058823537,6.429457455339548e-06
H,high,1.0,3.0732996323529416,6.586734017361689e-06
H,high,1.0,3.10202205882353,6.538879908238698e-06
H,high,1.0,3.130744485294118,6.079367472194249e-06
H,high,1.0,3.1594669117647065,6.2446722344435196e-06
H,high,1.0,3.188189338235295,6.4726759338585625e-06
H,high,1.0,3.216911764705883,6.505084314240435e-06
H,high,1.0,3.245634191176471,6.318180832946874e-06
H,high,1.0,3.2743566176470593,5.641668765855909e-06
H,high,1.0,3.3030790441176476,6.270150681648729e-06
H,high,1.0,3.331801470588236,5.871201053342216e-06
H,high,1.0,3.3605238970588243,5.615354603722995e-06
H,high,1.0,3.3892463235294126,5.055067964998953e-06
H,high,1.0,3.4179687500000004,4.91086678635033e-06
H,high,1.0,3.4466911764705888,4.9729113401516455e-06
H,high,1.0,3.475413602941177,5.175110751452919e-06
H,high,1.0,3.5041360294117654,5.624267100832062e-06
H,high,1.0,3.5328584558823537,5.9970264473183525e-06
H,high,1.0,3.561580882352942,5.575956349471492e-06
H,high,1.0,3.59030330882353,5.2052203968371206e-06
H,high,1.0,3.619025735294118,5.21119470138792e-06
H,high,1.0,3.6477481617647065,5.45340317483225e-06
H,high,1.0,3.676470588235295,4.536312806403437e-06
H,high,1.0,3.705193014705883,4.252176226769517e-06
H,high,1.0,3.7339154411764715,4.5616423929266914e-06
H,high,1.0,3.7626378676470598,4.424380224260659e-06
H,high,1.0,3.7913602941176476,4.289653755617384e-06
H,high,1.0,3.820082720588236,4.573098636358191e-06
H,high,1.0,3.8488051470588243,4.71528179727959e-06
H,high,1.0,3.8775275735294126,4.4567962153706715e-06
H,high,1.0,3.906250000000001,4.507540645414796e-06
H,high,1.0,3.934972426470589,3.850802977805254e-06
H,high,1.0,3.963694852941177,3.973572817262651e-06
H,high,1.0,3.9924172794117654,4.363158887103638e-06
H,high,1.0,4.021139705882354,4.0758360082736714e-06
H,high,1.0,4.049862132352942,3.99700139694134e-06
H,high,1.0,4.07858455882353,3.775231551720931e-06
H,high,1.0,4.107306985294119,3.904437811631187e-06
H,high,1.0,4.1360294117647065,3.577336278506599e-06
H,high,1.0,4.164751838235295,3.614152033768598e-06
H,high,1.0,4.193474264705883,4.109219267320747e-06
H,high,1.0,4.222196691176471,3.6686465159016646e-06
H,high,1.0,4.25091911764706,3.5888462134679117e-06
H,high,1.0,4.279641544117648,3.976109123406294e-06
H,high,1.0,4.308363970588236,3.925298326714541e-06
H,high,1.0,4.337086397058824,3.6766726386046315e-06
H,high,1.0,4.365808823529413,3.5196576181303975e-06
H,high,1.0,4.394531250000001,3.4893627308143698e-06
H,high,1.0,4.423253676470589,3.4500729001221436e-06
H,high,1.0,4.4519761029411775,3.6202431096795505e-06
H,high,1.0,4.480698529411765,3.6767595653789255e-06
H,high,1.0,4.509420955882354,3.614111738161304e-06
H,high,1.0,4.538143382352942,3.4320135008973304e-06
H,high,1.0,4.56686580882353,3.0805512713590227e-06
H,high,1.0,4.595588235294119,2.940719409992306e-06
H,high,1.0,4.6243106617647065,3.2090204098748177e-06
H,high,1.0,4.653033088235295,3.00568643257904e-06
H,high,1.0,4.681755514705883,3.061656936370759e-06
H,high,1.0,4.710477941176472,3.0281392396165612e-06
H,high,1.0,4.73920036764706,2.85609082915912e-06
H,high,1.0,4.767922794117648,2.6881781193404533e-06
H,high,1.0,4.796645220588236,2.7501009886266484e-06
H,high,1.0,4.825367647058824,2.757715087501584e-06
H,high,1.0,4.854090073529413,2.9090553975587916e-06
H,high,1.0,4.882812500000001,2.9436194162150627e-06
H,high,1.0,4.911534926470589,2.673834692108802e-06
H,high,1.0,4.9402573529411775,2.6961614825048697e-06
H,high,1.0,4.968979779411765,2.7305261610768516e-06
H,high,1.0,4.997702205882354,2.649136973818326e-06
H,high,1.0,5.026424632352942,2.565462686794101e-06
H,high,1.0,5.055147058823531,2.5806216966495932e-06
H,high,1.0,5.083869485294119,2.3995764015341586e-06
H,high,1.0,5.1125919117647065,2.5221583743495753e-06
H,high,1.0,5.141314338235295,2.5179320074911497e-06
H,high,1.0,5.170036764705883,2.4694708592216644e-06
H,high,1.0,5.198759191176472,2.159302916115e-06
H,high,1.0,5.22748161764706,2.567402248634822e-06
H,high,1.0,5.256204044117648,2.699193385040021e-06
H,high,1.0,5.284926470588236,2.4236360610849932e-06
H,high,1.0,5.313648897058824,2.118856936693529e-06
H,high,1.0,5.342371323529413,2.145121654192556e-06
H,high,1.0,5.371093750000001,2.2950732632283698e-06
H,high,1.0,5.39981617647059,2.510534085608641e-06
H,high,1.0,5.4285386029411775,2.5266155228851425e-06
H,high,1.0,5.457261029411765,2.203155897469434e-06
H,high,1.0,5.485983455882354,2.2987379608813727e-06
H,high,1.0,5.514705882352942,2.2283236846967255e-06
H,high,1.0,5.543428308823531,2.0806931313814206e-06
H,high,1.0,5.572150735294119,2.278413950962114e-06
H,high,1.0,5.600873161764707,2.315884486048324e-06
H,high,1.0,5.629595588235295,2.24118795896077e-06
H,high,1.0,5.658318014705883,2.155166833131753e-06
H,high,1.0,5.687040441176472,2.0271839150379547e-06
H,high,1.0,5.71576286764706,2.1330755347441688e-06
H,high,1.0,5.7444852941176485,2.1296966439037815e-06
H,high,1.0,5.773207720588236,1.9566462501392097e-06
H,high,1.0,5.801930147058824,2.0222119952081163e-06
H,high,1.0,5.830652573529413,2.079904469242343e-06
H,high,1.0,5.859375000000001,1.946287132340895e-06
H,high,1.0,5.88809742647059,2.0088629396250924e-06
H,high,1.0,5.9168198529411775,1.9505110264349597e-06
H,high,1.0,5.945542279411766,1.8456858987398901e-06
H,high,1.0,5.974264705882354,1.945583985350486e-06
H,high,1.0,6.002987132352942,1.940059294730044e-06
H,high,1.0,6.031709558823531,1.9070601231322284e-06
H,high,1.0,6.060431985294119,1.8847987238236314e-06
H,high,1.0,6.089154411764707,1.8785164709749088e-06
H,high,1.0,6.117876838235295,1.9969208408267534e-06
H,high,1.0,6.146599264705883,1.923717391253356e-06
H,high,1.0,6.175321691176472,1.9141674260568453e-06
H,high,1.0,6.20404411764706,1.8509146828351817e-06
H,high,1.0,6.2327665441176485,1.7665812378948812e-06
H,high,1.0,6.261488970588236,1.8854144125649927e-06
H,high,1.0,6.290211397058825,2.0166507179687304e-06
H,high,1.0,6.318933823529413,1.9112207057932257e-06
H,high,1.0,6.347656250000001,1.8543315213741165e-06
H,high,1.0,6.37637867647059,1.8402343748573925e-06
H,high,1.0,6.4051011029411775,1.7529458378499335e-06
H,high,1.0,6.433823529411766,1.7823390105824121e-06
H,high,1.0,6.462545955882354,1.7536466366025896e-06
H,high,1.0,6.491268382352942,1.8037465899395405e-06
H,high,1.0,6.519990808823531,1.7731972697268552e-06
H,high,1.0,6.548713235294119,1.8299106970700007e-06
H,high,1.0,6.577435661764707,1.7923748451528036e-06
H,high,1.0,6.606158088235295,1.802222806368626e-06
H,high,1.0,6.634880514705884,1.7188447062382188e-06
H,high,1.0,6.663602941176472,1.643345205767055e-06
H,high,1.0,6.69232536764706,1.6433183906325096e-06
H,high,1.0,6.7210477941176485,1.6290120132433215e-06
H,high,1.0,6.749770220588236,1.344547022328785e-06
H,high,1.0,6.778492647058825,1.4324075834547484e-06
H,high,1.0,6.807215073529413,1.6152359767759608e-06
H,high,1.0,6.835937500000001,1.5164440185288738e-06
H,high,1.0,6.86465992647059,1.5951441376469562e-06
H,high,1.0,6.8933823529411775,1.6189703661703535e-06
H,high,1.0,6.922104779411766,1.4722475273927795e-06
H,high,1.0,6.950827205882354,1.5983561500346002e-06
H,high,1.0,6.979549632352943,1.5489512715712884e-06
H,high,1.0,7.008272058823531,1.4912812747179223e-06
H,high,1.0,7.036994485294119,1.6375288252268105e-06
H,high,1.0,7.065716911764707,1.6425095998454197e-06
H,high,1.0,7.094439338235295,1.512770106646902e-06
H,high,1.0,7.123161764705884,1.361933678036322e-06
H,high,1.0,7.151884191176472,1.3605757300288974e-06
H,high,1.0,7.18060661764706,1.4187942072908367e-06
H,high,1.0,7.2093290441176485,1.4644252592381117e-06
H,high,1.0,7.238051470588236,1.5101533711390507e-06
H,high,1.0,7.266773897058825,1.4377662487775671e-06
H,high,1.0,7.295496323529413,1.6026845899378114e-06
H,high,1.0,7.324218750000002,1.4989613322127233e-06
H,high,1.0,7.35294117647059,1.4566007148281642e-06
H,high,1.0,7.3816636029411775,1.4261159061457075e-06
H,high,1.0,7.410386029411766,1.3711726351490973e-06
H,high,1.0,7.439108455882354,1.2394030478430325e-06
H,high,1.0,7.467830882352943,1.2927862221383695e-06
H,high,1.0,7.496553308823531,1.420141631093405e-06
H,high,1.0,7.5252757352941195,1.3797443605789403e-06
H,high,1.0,7.553998161764707,1.329542496319726e-06
H,high,1.0,7.582720588235295,1.3124884977219768e-06
H,high,1.0,7.611443014705884,1.3590282166695758e-06
H,high,1.0,7.640165441176472,1.450835659484649e-06
H,high,1.0,7.668887867647061,1.5432222968680841e-06
H,high,1.0,7.6976102941176485,1.2925277143455874e-06
H,high,1.0,7.726332720588236,1.278195125754031e-06
H,high,1.0,7.755055147058825,1.2552712826749176e-06
H,high,1.0,7.783777573529413,1.3314008067563638e-06
H,high,1.0,7.812500000000002,1.3498253391322245e-06
H,high,1.0,7.84122242647059,1.310645697643619e-06
H,high,1.0,7.869944852941178,1.2759551392049358e-06
H,high,1.0,7.898667279411766,1.3758129628455788e-06
H,high,1.0,7.927389705882354,1.371381412483021e-06
H,high,1.0,7.956112132352943,1.3081908619527647e-06
H,high,1.0,7.984834558823531,1.3720537231559853e-06
H,high,1.0,8.01355698529412,1.311692897975231e-06
H,high,1.0,8.042279411764708,1.220436173877854e-06
H,high,1.0,8.071001838235295,1.2959211184223288e-06
H,high,1.0,8.099724264705884,1.2324977474066417e-06
H,high,1.0,8.128446691176473,1.2183925665437593e-06
H,high,1.0,8.15716911764706,1.2399378953111852e-06
H,high,1.0,8.185891544117649,1.195565042714249e-06
H,high,1.0,8.214613970588237,1.2467704366176344e-06
H,high,1.0,8.243336397058824,1.3054294758655066e-06
H,high,1.0,8.272058823529413,1.3066097942739561e-06
H,high,1.0,8.300781250000002,1.2267819509764899e-06
H,high,1.0,8.32950367647059,1.2333619023480511e-06
H,high,1.0,8.358226102941178,1.1088452668592236e-06
H,high,1.0,8.386948529411766,1.1528657710306245e-06
H,high,1.0,8.415670955882355,1.1284359054547379e-06
H,high,1.0,8.444393382352942,1.194030891895172e-06
H,high,1.0,8.47311580882353,1.211745658754046e-06
H,high,1.0,8.50183823529412,1.170686651260024e-06
H,high,1.0,8.530560661764708,1.1176861852140428e-06
H,high,1.0,8.559283088235295,1.0920109471054212e-06
H,high,1.0,8.588005514705884,1.0643236790795787e-06
H,high,1.0,8.616727941176473,1.0692158442664638e-06
H,high,1.0,8.64545036764706,1.0181861357731256e-06
H,high,1.0,8.674172794117649,1.0525776012032763e-06
H,high,1.0,8.702895220588237,1.1097751245138112e-06
H,high,1.0,8.731617647058826,1.100585324428735e-06
H,high,1.0,8.760340073529413,1.0604613345837135e-06
H,high,1.0,8.789062500000002,1.0201941972966957e-06
H,high,1.0,8.81778492647059,1.0088873808305297e-06
H,high,1.0,8.846507352941178,1.137653736162884e-06
H,high,1.0,8.875229779411766,1.104221345998926e-06
H,high,1.0,8.903952205882355,1.2085621525975823e-06
H,high,1.0,8.932674632352942,1.160358165941106e-06
H,high,1.0,8.96139705882353,1.0026039938141244e-06
H,high,1.0,8.99011948529412,9.924751168630967e-07
H,high,1.0,9.018841911764708,1.0405412840890148e-06
H,high,1.0,9.047564338235295,1.001568960953552e-06
H,high,1.0,9.076286764705884,9.462905885523071e-07
H,high,1.0,9.105009191176473,9.161524899406533e-07
H,high,1.0,9.13373161764706,1.0317865906130251e-06
H,high,1.0,9.162454044117649,1.0054230564445965e-06
H,high,1.0,9.191176470588237,8.425257146792085e-07
H,high,1.0,9.219898897058826,8.77712336935229e-07
H,high,1.0,9.248621323529413,1.0607905038301853e-06
H,high,1.0,9.277343750000002,1.0234475745459936e-06
H,high,1.0,9.30606617647059,9.66057306524705e-07
H,high,1.0,9.334788602941178,9.266208273671898e-07
H,high,1.0,9.363511029411766,9.65206376851607e-07
H,high,1.0,9.392233455882355,1.013436408540619e-06
H,high,1.0,9.420955882352944,9.025303548595931e-07
H,high,1.0,9.44967830882353,8.783261697295727e-07
H,high,1.0,9.47840073529412,9.89790859047564e-07
H,high,1.0,9.507123161764708,1.0512473259481444e-06
H,high,1.0,9.535845588235295,1.10885538080459e-06
H,high,1.0,9.564568014705884,9.960678237684663e-07
H,high,1.0,9.593290441176473,9.819650908400895e-07
H,high,1.0,9.622012867647062,1.0307679701355234e-06
H,high,1.0,9.650735294117649,1.0079413343689897e-06
H,high,1.0,9.679457720588237,9.669712557281434e-07
H,high,1.0,9.708180147058826,9.90637709688183e-07
H,high,1.0,9.736902573529413,9.53434077836624e-07
H,high,1.0,9.765625000000002,9.74449787774694e-07
H,high,1.0,9.79434742647059,9.330706859868136e-07
H,high,1.0,9.823069852941178,9.407591246882466e-07
H,high,1.0,9.851792279411766,9.734627023693835e-07
H,high,1.0,9.880514705882355,8.877546463226312e-07
H,high,1.0,9.909237132352944,8.841633743285686e-07
H,high,1.0,9.93795955882353,9.517164211263211e-07
H,high,1.0,9.96668198529412,9.063245179070975e-07
H,high,1.0,9.995404411764708,8.178179445760719e-07
H,high,1.0,10.024126838235295,8.416872364146328e-07
H,high,1.0,10.052849264705884,8.533501022032601e-07
H,high,1.0,10.081571691176473,7.544272140719969e-07
H,high,1.0,10.110294117647062,8.450627563915278e-07
H,high,1.0,10.139016544117649,9.277569853582422e-07
H,high,1.0,10.167738970588237,8.940403973508613e-07
H,high,1.0,10.196461397058826,8.334244378133213e-07
H,high,1.0,10.225183823529413,8.327195847140921e-07
H,high,1.0,10.253906250000002,9.104183610275133e-07
H,high,1.0,10.28262867647059,8.845263314029815e-07
H,high,1.0,10.31135110294118,8.40284074897719e-07
H,high,1.0,10.340073529411766,9.227895055644627e-07
H,high,1.0,10.368795955882355,9.491518732795963e-07
H,high,1.0,10.397518382352944,8.876898252368907e-07
H,high,1.0,10.42624080882353,8.424617723153141e-07
H,high,1.0,10.45496323529412,8.446263358808284e-07
H,high,1.0,10.483685661764708,8.869808488797695e-07
H,high,1.0,10.512408088235295,8.913126049848891e-07
H,high,1.0,10.541130514705884,8.51646375574592e-07
H,high,1.0,10.569852941176473,8.73641129409434e-07
H,high,1.0,10.598575367647062,9.16227472943706e-07
H,high,1.0,10.627297794117649,8.808550094589364e-07
H,high,1.0,10.656020220588237,8.471989738341484e-07
H,high,1.0,10.684742647058826,8.814323703398234e-07
H,high,1.0,10.713465073529413,8.359911230550336e-07
H,high,1.0,10.742187500000002,7.370373815446456e-07
H,high,1.0,10.77090992647059,7.087036926678695e-07
H,high,1.0,10.79963235294118,7.627039374516234e-07
H,high,1.0,10.828354779411766,8.492777138053734e-07
H,high,1.0,10.857077205882355,8.118838374337478e-07
H,high,1.0,10.885799632352944,8.624279631578451e-07
H,high,1.0,10.91452205882353,8.339333486572103e-07
H,high,1.0,10.94324448529412,7.757371884836469e-07
H,high,1.0,10.971966911764708,8.326302946138154e-07
H,high,1.0,11.000689338235297,8.777611102139075e-07
H,high,1.0,11.029411764705884,8.769981951855951e-07
H,high,1.0,11.058134191176473,8.280669919123807e-07
H,high,1.0,11.086856617647062,8.665561087189535e-07
H,high,1.0,11.115579044117649,8.703896015482553e-07
H,high,1.0,11.144301470588237,7.884892655310247e-07
H,high,1.0,11.173023897058826,7.485194992984251e-07
H,high,1.0,11.201746323529415,7.897072976397924e-07
H,high,1.0,11.230468750000002,8.623653896432621e-07
H,high,1.0,11.25919117647059,8.298737469433986e-07
H,high,1.0,11.28791360294118,8.609580038818151e-07
H,high,1.0,11.316636029411766,9.109721749827697e-07
H,high,1.0,11.345358455882355,9.169111429914632e-07
H,high,1.0,11.374080882352944,8.784719225786009e-07
H,high,1.0,11.40280330882353,8.022937321848592e-07
H,high,1.0,11.43152573529412,7.788726469381283e-07
H,high,1.0,11.460248161764708,7.353526966229346e-07
H,high,1.0,11.488970588235297,7.251700982594034e-07
H,high,1.0,11.517693014705884,7.287401012226242e-07
H,high,1.0,11.546415441176473,7.621497882830433e-07
H,high,1.0,11.575137867647062,7.929011697149328e-07
H,high,1.0,11.603860294117649,8.17346440805211e-07
H,high,1.0,11.632582720588237,7.818063856333742e-07
H,high,1.0,11.661305147058826,7.959685933613614e-07
H,high,1.0,11.690027573529415,8.345180934068169e-07
H,high,1.0,11.718750000000002,7.363406971476736e-07
H,high,1.0,11.74747242647059,8.038003151206679e-07
H,high,1.0,11.77619485294118,7.536493825394374e-07
H,high,1.0,11.804917279411766,7.197173232111213e-07
H,high,1.0,11.833639705882355,7.473861930638944e-07
H,high,1.0,11.862362132352944,7.713316720578518e-07
H,high,1.0,11.891084558823533,7.422239863793352e-07
H,high,1.0,11.91980698529412,8.101645160196446e-07
H,high,1.0,11.948529411764708,8.316192782804429e-07
H,high,1.0,11.977251838235297,7.879237603305707e-07
H,high,1.0,12.005974264705884,7.793679339169762e-07
H,high,1.0,12.034696691176473,8.61453518205346e-07
H,high,1.0,12.063419117647062,8.342249893358672e-07
H,high,1.0,12.092141544117649,7.371558441563112e-07
H,high,1.0,12.120863970588237,7.353022593149583e-07
H,high,1.0,12.149586397058826,7.129479361969602e-07
H,high,1.0,12.178308823529415,7.343177333644352e-07
H,high,1.0,12.207031250000002,7.657416599921811e-07
H,high,1.0,12.23575367647059,7.30908264472454e-07
H,high,1.0,12.26447610294118,7.526345237670924e-07
H,high,1.0,12.293198529411766,8.106079700975586e-07
H,high,1.0,12.321920955882355,7.110934390323555e-07
H,high,1.0,12.350643382352944,7.048304609684877e-07
H,high,1.0,12.379365808823533,7.267058068709199e-07
H,high,1.0,12.40808823529412,7.392575073032005e-07
H,high,1.0,12.436810661764708,7.52757524993654e-07
H,high,1.0,12.465533088235297,7.158919939901514e-07
H,high,1.0,12.494255514705884,7.393589828904562e-07
H,high,1.0,12.522977941176473,7.627500457038379e-07
H,high,1.0,12.551700367647062,6.890818245396869e-07
H,high,1.0,12.58042279411765,6.918191442389504e-07
H,high,1.0,12.609145220588237,7.251416118741797e-07
H,high,1.0,12.637867647058826,7.380364356543211e-07
H,high,1.0,12.666590073529415,7.90574224969524e-07
H,high,1.0,12.695312500000002,7.385747957089047e-07
H,high,1.0,12.72403492647059,7.354693145331592e-07
H,high,1.0,12.75275735294118,6.842125545540531e-07
H,high,1.0,12.781479779411766,7.040762368513518e-07
H,high,1.0,12.810202205882355,7.100966429217267e-07
H,high,1.0,12.838924632352944,7.960207372508107e-07
H,high,1.0,12.867647058823533,8.06928841215516e-07
H,high,1.0,12.89636948529412,7.885451727673795e-07
H,high,1.0,12.925091911764708,8.001613187097808e-07
H,high,1.0,12.953814338235297,7.080607370100181e-07
H,high,1.0,12.982536764705884,6.426159561393055e-07
H,high,1.0,13.011259191176473,7.293807591045579e-07
H,high,1.0,13.039981617647062,7.519453805058695e-07
H,high,1.0,13.06870404411765,7.307832445091164e-07
H,high,1.0,13.097426470588237,7.275579595837335e-07
H,high,1.0,13.126148897058826,6.897713820689899e-07
H,high,1.0,13.154871323529415,6.67021090683739e-07
H,high,1.0,13.183593750000002,7.775291601790091e-07
H,high,1.0,13.21231617647059,7.960834159834944e-07
H,high,1.0,13.24103860294118,7.314972246088341e-07
H,high,1.0,13.269761029411768,6.901266449331562e-07
H,high,1.0,13.298483455882355,7.149802921327625e-07
H,high,1.0,13.327205882352944,7.895410389635051e-07
H,high,1.0,13.355928308823533,7.50779848217357e-07
H,high,1.0,13.38465073529412,7.450401849983746e-07
H,high,1.0,13.413373161764708,7.715917792918127e-07
H,high,1.0,13.442095588235297,7.466735726272231e-07
H,high,1.0,13.470818014705886,7.37148260940207e-07
H,high,1.0,13.499540441176473,7.112305488702554e-07
H,high,1.0,13.528262867647062,6.941012480138781e-07
H,high,1.0,13.55698529411765,7.033178701575903e-07
H,high,1.0,13.585707720588237,7.362191897134166e-07
H,high,1.0,13.614430147058826,7.455127457625113e-07
H,high,1.0,13.643152573529415,7.4331088963845e-07
H,high,1.0,13.671875000000002,7.476898723697294e-07
H,high,1.0,13.70059742647059,7.715483770730371e-07
H,high,1.0,13.72931985294118,7.343645524381623e-07
H,high,1.0,13.758042279411768,7.338446370671968e-07
H,high,1.0,13.786764705882355,7.19332093006372e-07
H,high,1.0,13.815487132352944,7.1188307214512e-07
H,high,1.0,13.844209558823533,7.442874938700101e-07
H,high,1.0,13.87293198529412,7.297552616325225e-07
H,high,1.0,13.901654411764708,7.130753244011508e-07
H,high,1.0,13.930376838235297,7.164340379089239e-07
H,high,1.0,13.959099264705886,7.049529627647972e-07
H,high,1.0,13.987821691176473,7.23084411997331e-07
H,high,1.0,14.016544117647062,7.536689702817517e-07
H,high,1.0,14.04526654411765,6.989542369272077e-07
H,high,1.0,14.073988970588237,6.923647658820631e-07
H,high,1.0,14.102711397058826,6.801597381945189e-07
H,high,1.0,14.131433823529415,6.825262287256437e-07
H,high,1.0,14.160156250000004,7.018525237453673e-07
H,high,1.0,14.18887867647059,6.376343391944998e-07
H,high,1.0,14.21760110294118,6.487795921445932e-07
H,high,1.0,14.246323529411768,6.955369801137874e-07
H,high,1.0,14.275045955882355,6.843283478086721e-07
H,high,1.0,14.303768382352944,6.586615248092091e-07
H,high,1.0,14.332490808823533,6.829382000793627e-07
H,high,1.0,14.36121323529412,7.287707991349886e-07
H,high,1.0,14.389935661764708,7.537230730677453e-07
H,high,1.0,14.418658088235297,7.226055827754566e-07
H,high,1.0,14.447380514705886,6.750944252781418e-07
H,high,1.0,14.476102941176473,6.630147946436202e-07
H,high,1.0,14.504825367647062,7.058494804328974e-07
H,high,1.0,14.53354779411765,7.050754765058701e-07
H,high,1.0,14.562270220588237,7.267827152808028e-07
H,high,1.0,14.590992647058826,7.658394687953758e-07
H,high,1.0,14.619715073529415,7.522557139105016e-07
H,high,1.0,14.648437500000004,7.336402689475456e-07
H,high,1.0,14.67715992647059,6.826532742531387e-07
H,high,1.0,14.70588235294118,2.9987494581477485e-07
D,low,0.15,0.0,0.03571639756659755
D,low,0.15,0.02872242647058824,0.26749715203830077
D,low,0.15,0.05744485294117648,0.04062357896563565
D,low,0.15,0.08616727941176472,0.005034427426040438
D,low,0.15,0.11488970588235296,0.002067607645957398
D,low,0.15,0.1436121323529412,0.0010037617778921241
D,low,0.15,0.17233455882352944,0.0005387996608580638
D,low,0.15,0.2010569852941177,0.0003325370641993091
D,low,0.15,0.22977941176470593,0.0002032223910010924
D,low,0.15,0.25850183823529416,0.00012696005503562863
D,low,0.15,0.2872242647058824,9.414534027251069e-05
D,low,0.15,0.3159466911764707,8.315051796277197e-05
D,low,0.15,0.3446691176470589,6.595287080917396e-05
D,low,0.15,0.37339154411764713,5.362212472459511e-05
D,low,0.15,0.4021139705882354,4.437436448293609e-05
D,low,0.15,0.4308363970588236,3.560065380914506e-05
D,low,0.15,0.45955882352941185,2.742586923555426e-05
D,low,0.15,0.4882812500000001,2.4954108647737907e-05
D,low,0.15,0.5170036764705883,2.4083153338353624e-05
D,low,0.15,0.5457261029411766,2.169802377691025e-05
D,low,0.15,0.5744485294117648,1.8866545818686647e-05
D,low,0.15,0.603170955882353,1.8668665355545994e-05
D,low,0.15,0.6318933823529413,1.708079391659522e-05
D,low,0.15,0.6606158088235295,1.5044582642279953e-05
D,low,0.15,0.6893382352941178,1.3342366389606895e-05
D,low,0.15,0.7180606617647061,1.148699978925408e-05
D,low,0.15,0.7467830882352943,9.908230658254011e-06
D,low,0.15,0.7755055147058825,8.659967915023743e-06
D,low,0.15,0.8042279411764708,8.675415495217346e-06
D,low,0.15,0.832950367647059,9.177644163832335e-06
D,low,0.15,0.8616727941176472,8.276103084281896e-06
D,low,0.15,0.8903952205882355,7.992865656695706e-06
D,low,0.15,0.9191176470588237,7.564032356088617e-06
D,low,0.15,0.9478400735294119,7.423345139619128e-06
D,low,0.15,0.9765625000000002,6.483160602854518e-06
D,low,0.15,1.0052849264705885,6.427493575316639e-06
D,low,0.15,1.0340073529411766,6.283993690713998e-06
D,low,0.15,1.062729779411765,5.319986009108453e-06
D,low,0.15,1.0914522058823533,5.122180712789374e-06
D,low,0.15,1.1201746323529413,4.723937637000588e-06
D,low,0.15,1.1488970588235297,4.52958871920667e-06
D,low,0.15,1.177619485294118,4.680305562603066e-06
D,low,0.15,1.206341911764706,4.246083328230036e-06
D,low,0.15,1.2350643382352944,3.87871787335998e-06
D,low,0.15,1.2637867647058827,4.047643165148129e-06
D,low,0.15,1.2925091911764708,3.82805237039938e-06
D,low,0.15,1.321231617647059,3.5641146100655847e-06
D,low,0.15,1.3499540441176474,3.6511050020031842e-06
D,low,0.15,1.3786764705882355,3.391529020213259e-06
D,low,0.15,1.4073988970588238,3.0624494180216315e-06
D,low,0.15,1.4361213235294121,3.0089448882413526e-06
D,low,0.15,1.4648437500000002,3.0562200694771285e-06
D,low,0.15,1.4935661764705885,2.8691708216273816e-06
D,low,0.15,1.5222886029411768,2.712381076959432e-06
D,low,0.15,1.551011029411765,2.6346022822808433e-06
D,low,0.15,1.5797334558823533,2.368367769977097e-06
D,low,0.15,1.6084558823529416,2.328582311723791e-06
D,low,0.15,1.6371783088235297,2.2734576786765493e-06
D,low,0.15,1.665900735294118,2.3680513710301723e-06
D,low,0.15,1.6946231617647063,2.3584831289405193e-06
D,low,0.15,1.7233455882352944,2.2988392968573364e-06
D,low,0.15,1.7520680147058827,2.3189425376832523e-06
D,low,0.15,1.780790441176471,1.980239082612028e-06
D,low,0.15,1.809512867647059,1.949992875377947e-06
D,low,0.15,1.8382352941176474,1.8332064315585246e-06
D,low,0.15,1.8669577205882357,1.594655687662863e-06
D,low,0.15,1.8956801470588238,1.695662856148387e-06
D,low,0.15,1.9244025735294121,1.7624243698716666e-06
D,low,0.15,1.9531250000000004,1.7191571879010593e-06
D,low,0.15,1.9818474264705885,1.6679097429760478e-06
D,low,0.15,2.010569852941177,1.6440815567034974e-06
D,low,0.15,2.039292279411765,1.5869141523914293e-06
D,low,0.15,2.0680147058823533,1.4591924445052713e-06
D,low,0.15,2.0967371323529416,1.4218932373308932e-06
D,low,0.15,2.12545955882353,1.3905422918910211e-06
D,low,0.15,2.154181985294118,1.3953908367436308e-06
D,low,0.15,2.1829044117647065,1.3595151254566498e-06
D,low,0.15,2.2116268382352944,1.3287490233866427e-06
D,low,0.15,2.2403492647058827,1.2467817045658752e-06
D,low,0.15,2.269071691176471,1.223693205542764e-06
D,low,0.15,2.2977941176470593,1.2245846517143459e-06
D,low,0.15,2.3265165441176476,1.2461057221835195e-06
D,low,0.15,2.355238970588236,1.1657334256318916e-06
D,low,0.15,2.383961397058824,1.0532390263255303e-06
D,low,0.15,2.412683823529412,1.1126895608900194e-06
D,low,0.15,2.4414062500000004,1.1012507408116424e-06
D,low,0.15,2.4701286764705888,1.0628570398735778e-06
D,low,0.15,2.498851102941177,1.1204625522785923e-06
D,low,0.15,2.5275735294117654,1.159485089779596e-06
D,low,0.15,2.5562959558823533,1.057300184180486e-06
D,low,0.15,2.5850183823529416,9.629517732991066e-07
D,low,0.15,2.61374080882353,9.155093096638663e-07
D,low,0.15,2.642463235294118,9.542794698316244e-07
D,low,0.15,2.6711856617647065,9.450988321142923e-07
D,low,0.15,2.699908088235295,8.333256305426815e-07
D,low,0.15,2.7286305147058827,8.686725616652709e-07
D,low,0.15,2.757352941176471,9.227964395751832e-07
D,low,0.15,2.7860753676470593,8.522728460499322e-07
D,low,0.15,2.8147977941176476,8.545874690041517e-07
D,low,0.15,2.843520220588236,8.616023236803472e-07
D,low,0.15,2.8722426470588243,8.295079618956172e-07
D,low,0.15,2.900965073529412,7.994212118047587e-07
D,low,0.15,2.9296875000000004,8.028167225514492e-07
D,low,0.15,2.9584099264705888,7.654905975006964e-07
D,low,0.15,2.987132352941177,7.38447539180767e-07
D,low,0.15,3.0158547794117654,6.62075601676753e-07
D,low,0.15,3.0445772058823537,6.577045413798942e-07
D,low,0.15,3.0732996323529416,6.737026893990656e-07
D,low,0.15,3.10202205882353,6.674388643112799e-07
D,low,0.15,3.130744485294118,6.234231270412827e-07
D,low,0.15,3.1594669117647065,6.339991449027508e-07
D,low,0.15,3.188189338235295,6.588125608516641e-07
D,low,0.15,3.216911764705883,6.66615488177508e-07
D,low,0.15,3.245634191176471,6.48897445836254e-07
D,low,0.15,3.2743566176470593,5.754435490648141e-07
D,low,0.15,3.3030790441176476,6.368692138771433e-07
D,low,0.15,3.331801470588236,6.013949965213924e-07
D,low,0.15,3.3605238970588243,5.800103492217828e-07
D,low,0.15,3.3892463235294126,5.221818220364715e-07
D,low,0.15,3.4179687500000004,5.044242324887021e-07
D,low,0.15,3.4466911764705888,5.094504091434155e-07
D,low,0.15,3.475413602941177,5.330143455601102e-07
D,low,0.15,3.5041360294117654,5.767190629782697e-07
D,low,0.15,3.5328584558823537,6.154233984347943e-07
D,low,0.15,3.561580882352942,5.661069642750997e-07
D,low,0.15,3.59030330882353,5.316963067256195e-07
D,low,0.15,3.619025735294118,5.368028471004042e-07
D,low,0.15,3.6477481617647065,5.613019575429977e-07
D,low,0.15,3.676470588235295,4.640941722600199e-07
D,low,0.15,3.705193014705883,4.3542027913109087e-07
D,low,0.15,3.7339154411764715,4.650185443171825e-07
D,low,0.15,3.7626378676470598,4.499359486621032e-07
D,low,0.15,3.7913602941176476,4.353876546112232e-07
D,low,0.15,3.820082720588236,4.6424893579144063e-07
D,low,0.15,3.8488051470588243,4.79978279007023e-07
D,low,0.15,3.8775275735294126,4.569003851675511e-07
D,low,0.15,3.906250000000001,4.623153416650283e-07
D,low,0.15,3.934972426470589,3.936244405270478e-07
D,low,0.15,3.963694852941177,4.058941131156422e-07
D,low,0.15,3.9924172794117654,4.450225783592564e-07
D,low,0.15,4.021139705882354,4.1617742350630376e-07
D,low,0.15,4.049862132352942,4.0888980380795125e-07
D,low,0.15,4.07858455882353,3.8583213743947376e-07
D,low,0.15,4.107306985294119,3.99813590858144e-07
D,low,0.15,4.1360294117647065,3.655152879863699e-07
D,low,0.15,4.164751838235295,3.673086070343515e-07
D,low,0.15,4.193474264705883,4.210777345920733e-07
D,low,0.15,4.222196691176471,3.781466804643781e-07
D,low,0.15,4.25091911764706,3.7008515494636323e-07
D,low,0.15,4.279641544117648,4.0818426951447116e-07
D,low,0.15,4.308363970588236,4.032703860056501e-07
D,low,0.15,4.337086397058824,3.768940919710251e-07
D,low,0.15,4.365808823529413,3.6028615965566867e-07
D,low,0.15,4.394531250000001,3.578930847093207e-07
D,low,0.15,4.423253676470589,3.518027709870323e-07
D,low,0.15,4.4519761029411775,3.6896522328633836e-07
D,low,0.15,4.480698529411765,3.7708161807139506e-07
D,low,0.15,4.509420955882354,3.6902009838092373e-07
D,low,0.15,4.538143382352942,3.516923979363633e-07
D,low,0.15,4.56686580882353,3.1564681329251767e-07
D,low,0.15,4.595588235294119,3.017904175151939e-07
D,low,0.15,4.6243106617647065,3.283878953050795e-07
D,low,0.15,4.653033088235295,3.075078832957202e-07
D,low,0.15,4.681755514705883,3.116229607990133e-07
D,low,0.15,4.710477941176472,3.085847608031356e-07
D,low,0.15,4.73920036764706,2.9206468462723704e-07
D,low,0.15,4.767922794117648,2.7456794923645864e-07
D,low,0.15,4.796645220588236,2.8001687993091197e-07
D,low,0.15,4.825367647058824,2.828036440889614e-07
D,low,0.15,4.854090073529413,2.9909766968337553e-07
D,low,0.15,4.882812500000001,3.015872493014172e-07
D,low,0.15,4.911534926470589,2.750554978988765e-07
D,low,0.15,4.9402573529411775,2.7573619638657654e-07
D,low,0.15,4.968979779411765,2.778246205728452e-07
D,low,0.15,4.997702205882354,2.7058507830599635e-07
D,low,0.15,5.026424632352942,2.630034474165399e-07
D,low,0.15,5.055147058823531,2.6503316554067413e-07
D,low,0.15,5.083869485294119,2.463750935718029e-07
D,low,0.15,5.1125919117647065,2.582893216912058e-07
D,low,0.15,5.141314338235295,2.5868129289885957e-07
D,low,0.15,5.170036764705883,2.5242345335945406e-07
D,low,0.15,5.198759191176472,2.2071477093578886e-07
D,low,0.15,5.22748161764706,2.6294618379268904e-07
D,low,0.15,5.256204044117648,2.7639949526847565e-07
D,low,0.15,5.284926470588236,2.4786554696740676e-07
D,low,0.15,5.313648897058824,2.1769352493467162e-07
D,low,0.15,5.342371323529413,2.2065570332930984e-07
D,low,0.15,5.371093750000001,2.3507853114744957e-07
D,low,0.15,5.39981617647059,2.55955358604111e-07
D,low,0.15,5.4285386029411775,2.575765432534943e-07
D,low,0.15,5.457261029411765,2.2537904418646715e-07
D,low,0.15,5.485983455882354,2.3567056291662668e-07
D,low,0.15,5.514705882352942,2.2863948445170062e-07
D,low,0.15,5.543428308823531,2.1355491692693396e-07
D,low,0.15,5.572150735294119,2.3315537481422708e-07
D,low,0.15,5.600873161764707,2.3734272133458802e-07
D,low,0.15,5.629595588235295,2.29519749811689e-07
D,low,0.15,5.658318014705883,2.2122367584782954e-07
D,low,0.15,5.687040441176472,2.0857243257923885e-07
D,low,0.15,5.71576286764706,2.1896941100091373e-07
D,low,0.15,5.7444852941176485,2.1790294232107365e-07
D,low,0.15,5.773207720588236,2.000081738899162e-07
D,low,0.15,5.801930147058824,2.0702187788927497e-07
D,low,0.15,5.830652573529413,2.134094485410561e-07
D,low,0.15,5.859375000000001,1.9887193337089201e-07
D,low,0.15,5.88809742647059,2.0514234747599693e-07
D,low,0.15,5.9168198529411775,1.994634973817219e-07
D,low,0.15,5.945542279411766,1.890680711366296e-07
D,low,0.15,5.974264705882354,1.995099410155447e-07
D,low,0.15,6.002987132352942,1.9894569517647266e-07
D,low,0.15,6.031709558823531,1.9553816729541906e-07
D,low,0.15,6.060431985294119,1.9224653068961474e-07
D,low,0.15,6.089154411764707,1.9169424967648188e-07
D,low,0.15,6.117876838235295,2.0382512713422357e-07
D,low,0.15,6.146599264705883,1.9684384360720073e-07
D,low,0.15,6.175321691176472,1.9645604249021305e-07
D,low,0.15,6.20404411764706,1.8918204856121488e-07
D,low,0.15,6.2327665441176485,1.801680318688107e-07
D,low,0.15,6.261488970588236,1.9289203198996985e-07
D,low,0.15,6.290211397058825,2.063162066566924e-07
D,low,0.15,6.318933823529413,1.9552999150064684e-07
D,low,0.15,6.347656250000001,1.8964301028683903e-07
D,low,0.15,6.37637867647059,1.8836193178346425e-07
D,low,0.15,6.4051011029411775,1.7996020371182105e-07
D,low,0.15,6.433823529411766,1.8235561331306192e-07
D,low,0.15,6.462545955882354,1.7959200920868432e-07
D,low,0.15,6.491268382352942,1.8464274180629205e-07
D,low,0.15,6.519990808823531,1.811510659971894e-07
D,low,0.15,6.548713235294119,1.8730938349185804e-07
D,low,0.15,6.577435661764707,1.8381532768233962e-07
D,low,0.15,6.606158088235295,1.844601115685001e-07
D,low,0.15,6.634880514705884,1.7628617781902257e-07
D,low,0.15,6.663602941176472,1.682102200721952e-07
D,low,0.15,6.69232536764706,1.6849407620313564e-07
D,low,0.15,6.7210477941176485,1.6758598548875328e-07
D,low,0.15,6.749770220588236,1.3799780177576572e-07
D,low,0.15,6.778492647058825,1.4645500280879158e-07
D,low,0.15,6.807215073529413,1.648896687414045e-07
D,low,0.15,6.835937500000001,1.5552371738269352e-07
D,low,0.15,6.86465992647059,1.636217667989015e-07
D,low,0.15,6.8933823529411775,1.6549923955903509e-07
D,low,0.15,6.922104779411766,1.5024418475963406e-07
D,low,0.15,6.950827205882354,1.6340480601348774e-07
D,low,0.15,6.979549632352943,1.5861540794418232e-07
D,low,0.15,7.008272058823531,1.527736404500807e-07
D,low,0.15,7.036994485294119,1.6812687854046974e-07
D,low,0.15,7.065716911764707,1.6797454557099913e-07
D,low,0.15,7.094439338235295,1.549331286987396e-07
D,low,0.15,7.123161764705884,1.3946921562226092e-07
D,low,0.15,7.151884191176472,1.3941188947559373e-07
D,low,0.15,7.18060661764706,1.451902685218999e-07
D,low,0.15,7.2093290441176485,1.496516758570739e-07
D,low,0.15,7.238051470588236,1.5452071019694402e-07
D,low,0.15,7.266773897058825,1.4748853688771487e-07
D,low,0.15,7.295496323529413,1.639400532137171e-07
D,low,0.15,7.324218750000002,1.5353970701421393e-07
D,low,0.15,7.35294117647059,1.4916624020147017e-07
D,low,0.15,7.3816636029411775,1.4608400692654988e-07
D,low,0.15,7.410386029411766,1.4034288713088415e-07
D,low,0.15,7.439108455882354,1.267916060588395e-07
D,low,0.15,7.467830882352943,1.3235922029220284e-07
D,low,0.15,7.496553308823531,1.4520696094630706e-07
D,low,0.15,7.5252757352941195,1.41223756645429e-07
D,low,0.15,7.553998161764707,1.3603908966056322e-07
D,low,0.15,7.582720588235295,1.3413940867166174e-07
D,low,0.15,7.611443014705884,1.3854177631337477e-07
D,low,0.15,7.640165441176472,1.4836634599214414e-07
D,low,0.15,7.668887867647061,1.5783538441352718e-07
D,low,0.15,7.6976102941176485,1.3240371075493424e-07
D,low,0.15,7.726332720588236,1.313119109594592e-07
D,low,0.15,7.755055147058825,1.2867454925684309e-07
D,low,0.15,7.783777573529413,1.3609148038629577e-07
D,low,0.15,7.812500000000002,1.3805790019965934e-07
D,low,0.15,7.84122242647059,1.339860801167743e-07
D,low,0.15,7.869944852941178,1.305038436061945e-07
D,low,0.15,7.898667279411766,1.4073884915579724e-07
D,low,0.15,7.927389705882354,1.4013568222601766e-07
D,low,0.15,7.956112132352943,1.337611273344056e-07
D,low,0.15,7.984834558823531,1.4038668466638109e-07
D,low,0.15,8.01355698529412,1.3422471920463727e-07
D,low,0.15,8.042279411764708,1.2500069763432657e-07
D,low,0.15,8.071001838235295,1.325307624392311e-07
D,low,0.15,8.099724264705884,1.2637768348026692e-07
D,low,0.15,8.128446691176473,1.249796513573068e-07
D,low,0.15,8.15716911764706,1.272380804295601e-07
D,low,0.15,8.185891544117649,1.2263328919956427e-07
D,low,0.15,8.214613970588237,1.2793771242085613e-07
D,low,0.15,8.243336397058824,1.3393137199848054e-07
D,low,0.15,8.272058823529413,1.3378253794517698e-07
D,low,0.15,8.300781250000002,1.2568072562858623e-07
D,low,0.15,8.32950367647059,1.2638339797460636e-07
D,low,0.15,8.358226102941178,1.1357617985740489e-07
D,low,0.15,8.386948529411766,1.1780938252997937e-07
D,low,0.15,8.415670955882355,1.1529872153414738e-07
D,low,0.15,8.444393382352942,1.222719328481797e-07
D,low,0.15,8.47311580882353,1.2390574743373239e-07
D,low,0.15,8.50183823529412,1.1979596094318454e-07
D,low,0.15,8.530560661764708,1.1450260787448922e-07
D,low,0.15,8.559283088235295,1.1193357571590451e-07
D,low,0.15,8.588005514705884,1.0892312090385033e-07
D,low,0.15,8.616727941176473,1.093495534459088e-07
D,low,0.15,8.64545036764706,1.0435441646167284e-07
D,low,0.15,8.674172794117649,1.077648199920463e-07
D,low,0.15,8.702895220588237,1.1362948519984618e-07
D,low,0.15,8.731617647058826,1.1268839591951108e-07
D,low,0.15,8.760340073529413,1.0842742043250552e-07
D,low,0.15,8.789062500000002,1.043640910518162e-07
D,low,0.15,8.81778492647059,1.0312730463022834e-07
D,low,0.15,8.846507352941178,1.163760182271491e-07
D,low,0.15,8.875229779411766,1.129285026968889e-07
D,low,0.15,8.903952205882355,1.2370973442963753e-07
D,low,0.15,8.932674632352942,1.1872702662416225e-07
D,low,0.15,8.96139705882353,1.026841317947924e-07
D,low,0.15,8.99011948529412,1.017563094125167e-07
D,low,0.15,9.018841911764708,1.0674572379028846e-07
D,low,0.15,9.047564338235295,1.0273685801808981e-07
D,low,0.15,9.076286764705884,9.721908954935711e-08
D,low,0.15,9.105009191176473,9.406841596610754e-08
D,low,0.15,9.13373161764706,1.0575849299551754e-07
D,low,0.15,9.162454044117649,1.0327148827738983e-07
D,low,0.15,9.191176470588237,8.644361000578786e-08
D,low,0.15,9.219898897058826,8.95463363286149e-08
D,low,0.15,9.248621323529413,1.0847991275929297e-07
D,low,0.15,9.277343750000002,1.0489485005411066e-07
D,low,0.15,9.30606617647059,9.879632867776788e-08
D,low,0.15,9.334788602941178,9.491294096740613e-08
D,low,0.15,9.363511029411766,9.882680757446853e-08
D,low,0.15,9.392233455882355,1.0377276430773733e-07
D,low,0.15,9.420955882352944,9.249919042897039e-08
D,low,0.15,9.44967830882353,8.995531171956534e-08
D,low,0.15,9.47840073529412,1.0130602902437695e-07
D,low,0.15,9.507123161764708,1.074647282917009e-07
D,low,0.15,9.535845588235295,1.1363547794891172e-07
D,low,0.15,9.564568014705884,1.0208157014385534e-07
D,low,0.15,9.593290441176473,1.0030264919549897e-07
D,low,0.15,9.622012867647062,1.0546148471865203e-07
D,low,0.15,9.650735294117649,1.0327575220649776e-07
D,low,0.15,9.679457720588237,9.917824725806035e-08
D,low,0.15,9.708180147058826,1.0175486943529962e-07
D,low,0.15,9.736902573529413,9.761135214308576e-08
D,low,0.15,9.765625000000002,9.983731281178001e-08
D,low,0.15,9.79434742647059,9.572510001950273e-08
D,low,0.15,9.823069852941178,9.650046859744765e-08
D,low,0.15,9.851792279411766,9.969678794521924e-08
D,low,0.15,9.880514705882355,9.079235250507286e-08
D,low,0.15,9.909237132352944,9.042159432729784e-08
D,low,0.15,9.93795955882353,9.748001236821401e-08
D,low,0.15,9.96668198529412,9.280559329853521e-08
D,low,0.15,9.995404411764708,8.38864404792163e-08
D,low,0.15,10.024126838235295,8.607965382629185e-08
D,low,0.15,10.052849264705884,8.730638463553972e-08
D,low,0.15,10.081571691176473,7.71655847804308e-08
D,low,0.15,10.110294117647062,8.666350128732574e-08
D,low,0.15,10.139016544117649,9.504610645988122e-08
D,low,0.15,10.167738970588237,9.141948942122281e-08
D,low,0.15,10.196461397058826,8.527991782472621e-08
D,low,0.15,10.225183823529413,8.535929808767381e-08
D,low,0.15,10.253906250000002,9.320895414127577e-08
D,low,0.15,10.28262867647059,9.070356040934319e-08
D,low,0.15,10.31135110294118,8.615712094563664e-08
D,low,0.15,10.340073529411766,9.440235077745994e-08
D,low,0.15,10.368795955882355,9.701070902874687e-08
D,low,0.15,10.397518382352944,9.085767924740168e-08
D,low,0.15,10.42624080882353,8.636126117666165e-08
D,low,0.15,10.45496323529412,8.663237585712322e-08
D,low,0.15,10.483685661764708,9.068256789651662e-08
D,low,0.15,10.512408088235295,9.126935934378975e-08
D,low,0.15,10.541130514705884,8.711768161909537e-08
D,low,0.15,10.569852941176473,8.940737204992748e-08
D,low,0.15,10.598575367647062,9.383597162329521e-08
D,low,0.15,10.627297794117649,9.024102208691858e-08
D,low,0.15,10.656020220588237,8.675538718748907e-08
D,low,0.15,10.684742647058826,9.01478934224746e-08
D,low,0.15,10.713465073529413,8.548387206080677e-08
D,low,0.15,10.742187500000002,7.531955344958434e-08
D,low,0.15,10.77090992647059,7.254530180900183e-08
D,low,0.15,10.79963235294118,7.798398693520568e-08
D,low,0.15,10.828354779411766,8.685330470179034e-08
D,low,0.15,10.857077205882355,8.303663486122909e-08
D,low,0.15,10.885799632352944,8.827463833241981e-08
D,low,0.15,10.91452205882353,8.538302094904865e-08
D,low,0.15,10.94324448529412,7.94579393860913e-08
D,low,0.15,10.971966911764708,8.532780255708026e-08
D,low,0.15,11.000689338235297,8.993675251830652e-08
D,low,0.15,11.029411764705884,8.973434571097065e-08
D,low,0.15,11.058134191176473,8.471327048264287e-08
D,low,0.15,11.086856617647062,8.884542466728998e-08
D,low,0.15,11.115579044117649,8.916909559688807e-08
D,low,0.15,11.144301470588237,8.061865095367159e-08
D,low,0.15,11.173023897058826,7.66196525480681e-08
D,low,0.15,11.201746323529415,8.082469839943186e-08
D,low,0.15,11.230468750000002,8.814689598956524e-08
D,low,0.15,11.25919117647059,8.491590481074144e-08
D,low,0.15,11.28791360294118,8.803046389883388e-08
D,low,0.15,11.316636029411766,9.310467211010216e-08
D,low,0.15,11.345358455882355,9.37827613888252e-08
D,low,0.15,11.374080882352944,9.01138556033725e-08
D,low,0.15,11.40280330882353,8.230080394647431e-08
D,low,0.15,11.43152573529412,7.977780107353094e-08
D,low,0.15,11.460248161764708,7.533020185820347e-08
D,low,0.15,11.488970588235297,7.436712905717937e-08
D,low,0.15,11.517693014705884,7.476953089785082e-08
D,low,0.15,11.546415441176473,7.805176113126813e-08
D,low,0.15,11.575137867647062,8.119279395904052e-08
D,low,0.15,11.603860294117649,8.375784365747305e-08
D,low,0.15,11.632582720588237,8.00655168812733e-08
D,low,0.15,11.661305147058826,8.158946824516499e-08
D,low,0.15,11.690027573529415,8.544242408370184e-08
D,low,0.15,11.718750000000002,7.532848149422837e-08
D,low,0.15,11.74747242647059,8.23250478221458e-08
D,low,0.15,11.77619485294118,7.720790380441208e-08
D,low,0.15,11.804917279411766,7.358741066501573e-08
D,low,0.15,11.833639705882355,7.637815585921954e-08
D,low,0.15,11.862362132352944,7.892353451301248e-08
D,low,0.15,11.891084558823533,7.603966565352341e-08
D,low,0.15,11.91980698529412,8.287152560503865e-08
D,low,0.15,11.948529411764708,8.517273922440683e-08
D,low,0.15,11.977251838235297,8.071072525583571e-08
D,low,0.15,12.005974264705884,7.992144605230682e-08
D,low,0.15,12.034696691176473,8.822571985066276e-08
D,low,0.15,12.063419117647062,8.53109079334007e-08
D,low,0.15,12.092141544117649,7.530737393929169e-08
D,low,0.15,12.120863970588237,7.51621453535692e-08
D,low,0.15,12.149586397058826,7.298699862298041e-08
D,low,0.15,12.178308823529415,7.529677974420547e-08
D,low,0.15,12.207031250000002,7.838779071295158e-08
D,low,0.15,12.23575367647059,7.466452905960867e-08
D,low,0.15,12.26447610294118,7.706157364082753e-08
D,low,0.15,12.293198529411766,8.310280241485728e-08
D,low,0.15,12.321920955882355,7.276808335985919e-08
D,low,0.15,12.350643382352944,7.216107060866799e-08
D,low,0.15,12.379365808823533,7.446313680819205e-08
D,low,0.15,12.40808823529412,7.560330572223981e-08
D,low,0.15,12.436810661764708,7.706138696094633e-08
D,low,0.15,12.465533088235297,7.340707205086815e-08
D,low,0.15,12.494255514705884,7.580320199943407e-08
D,low,0.15,12.522977941176473,7.818452357838634e-08
D,low,0.15,12.551700367647062,7.069976892993396e-08
D,low,0.15,12.58042279411765,7.098096578344013e-08
D,low,0.15,12.609145220588237,7.446336820983514e-08
D,low,0.15,12.637867647058826,7.576593083336156e-08
D,low,0.15,12.666590073529415,8.107323601338686e-08
D,low,0.15,12.695312500000002,7.563033029489006e-08
D,low,0.15,12.72403492647059,7.534737219090902e-08
D,low,0.15,12.75275735294118,7.00959288473215e-08
D,low,0.15,12.781479779411766,7.22042034108989e-08
D,low,0.15,12.810202205882355,7.2805300269358e-08
D,low,0.15,12.838924632352944,8.152142790342481e-08
D,low,0.15,12.867647058823533,8.259346010845265e-08
D,low,0.15,12.89636948529412,8.075651142612387e-08
D,low,0.15,12.925091911764708,8.19503340482825e-08
D,low,0.15,12.953814338235297,7.247387501116976e-08
D,low,0.15,12.982536764705884,6.576996335255596e-08
D,low,0.15,13.011259191176473,7.469418470038454e-08
D,low,0.15,13.039981617647062,7.700145566589563e-08
D,low,0.15,13.06870404411765,7.497568115950323e-08
D,low,0.15,13.097426470588237,7.457865459061614e-08
D,low,0.15,13.126148897058826,7.058619905409847e-08
D,low,0.15,13.154871323529415,6.836067088524808e-08
D,low,0.15,13.183593750000002,7.969948495535789e-08
D,low,0.15,13.21231617647059,8.141461576760235e-08
D,low,0.15,13.24103860294118,7.480094981790302e-08
D,low,0.15,13.269761029411768,7.060817230761254e-08
D,low,0.15,13.298483455882355,7.321621037704079e-08
D,low,0.15,13.327205882352944,8.083313387685023e-08
D,low,0.15,13.355928308823533,7.692634704326529e-08
D,low,0.15,13.38465073529412,7.62701021663204e-08
D,low,0.15,13.413373161764708,7.90181801300471e-08
D,low,0.15,13.442095588235297,7.657272330788984e-08
D,low,0.15,13.470818014705886,7.559761414993817e-08
D,low,0.15,13.499540441176473,7.289677464738664e-08
D,low,0.15,13.528262867647062,7.115091221498687e-08
D,low,0.15,13.55698529411765,7.203621319232163e-08
D,low,0.15,13.585707720588237,7.525703102675351e-08
D,low,0.15,13.614430147058826,7.625574037244961e-08
D,low,0.15,13.643152573529415,7.616406532731865e-08
D,low,0.15,13.671875000000002,7.669813541094387e-08
D,low,0.15,13.70059742647059,7.910424632592978e-08
D,low,0.15,13.72931985294118,7.526245965409393e-08
D,low,0.15,13.758042279411768,7.512700967659307e-08
D,low,0.15,13.786764705882355,7.370918516889221e-08
D,low,0.15,13.815487132352944,7.29645584182848e-08
D,low,0.15,13.844209558823533,7.633704025528493e-08
D,low,0.15,13.87293198529412,7.48332604813724e-08
D,low,0.15,13.901654411764708,7.302200097357017e-08
D,low,0.15,13.930376838235297,7.330400916633785e-08
D,low,0.15,13.959099264705886,7.223544074447723e-08
D,low,0.15,13.987821691176473,7.407580302321231e-08
D,low,0.15,14.016544117647062,7.71273762728017e-08
D,low,0.15,14.04526654411765,7.15296224058848e-08
D,low,0.15,14.073988970588237,7.098756220623569e-08
D,low,0.15,14.102711397058826,6.97980320457584e-08
D,low,0.15,14.131433823529415,7.010193717381565e-08
D,low,0.15,14.160156250000004,7.198703705446326e-08
D,low,0.15,14.18887867647059,6.537530499116557e-08
D,low,0.15,14.21760110294118,6.649094849655587e-08
D,low,0.15,14.246323529411768,7.12042447801302e-08
D,low,0.15,14.275045955882355,7.016877671332818e-08
D,low,0.15,14.303768382352944,6.758568029175551e-08
D,low,0.15,14.332490808823533,7.007615549777702e-08
D,low,0.15,14.36121323529412,7.455672599251679e-08
D,low,0.15,14.389935661764708,7.714339286959919e-08
D,low,0.15,14.418658088235297,7.39159126011865e-08
D,low,0.15,14.447380514705886,6.905871844583024e-08
D,low,0.15,14.476102941176473,6.786934498105691e-08
D,low,0.15,14.504825367647062,7.233034692131276e-08
D,low,0.15,14.53354779411765,7.225602467033768e-08
D,low,0.15,14.562270220588237,7.437593152541032e-08
D,low,0.15,14.590992647058826,7.834043512318214e-08
D,low,0.15,14.619715073529415,7.698968272351647e-08
D,low,0.15,14.648437500000004,7.503769543053874e-08
D,low,0.15,14.67715992647059,6.989491080874236e-08
D,low,0.15,14.70588235294118,3.074206210443002e-08
D,high,1.0,0.0,0.03516967884237872
D,high,1.0,0.02872242647058824,0.1635197502811418
D,high,1.0,0.05744485294117648,0.055042223237127194
D,high,1.0,0.08616727941176472,0.014664090541340788
D,high,1.0,0.11488970588235296,0.006318529902261
D,high,1.0,0.1436121323529412,0.00322490971815613
D,high,1.0,0.17233455882352944,0.0019266283653815099
D,high,1.0,0.2010569852941177,0.001255730541488902
D,high,1.0,0.22977941176470593,0.0009444473120778585
D,high,1.0,0.25850183823529416,0.0008066158910604963
D,high,1.0,0.2872242647058824,0.0006484271371787888
D,high,1.0,0.3159466911764707,0.0005074372811744896
D,high,1.0,0.3446691176470589,0.0004359422221975586
D,high,1.0,0.37339154411764713,0.0003853879350609204
D,high,1.0,0.4021139705882354,0.0003324577045670153
D,high,1.0,0.4308363970588236,0.00029748425062851256
D,high,1.0,0.45955882352941185,0.0002425207285444356
D,high,1.0,0.4882812500000001,0.00021613557692290306
D,high,1.0,0.5170036764705883,0.00021473402769551126
D,high,1.0,0.5457261029411766,0.00019509302216876294
D,high,1.0,0.5744485294117648,0.0001707192863263604
D,high,1.0,0.603170955882353,0.0001724635062281765
D,high,1.0,0.6318933823529413,0.00015223428129945043
D,high,1.0,0.6606158088235295,0.0001314817004699292
D,high,1.0,0.6893382352941178,0.00011939966302367448
D,high,1.0,0.7180606617647061,0.00010856599947699357
D,high,1.0,0.7467830882352943,9.370480679873985e-05
D,high,1.0,0.7755055147058825,8.161935496665268e-05
D,high,1.0,0.8042279411764708,7.949870116620109e-05
D,high,1.0,0.832950367647059,8.466270576179736e-05
D,high,1.0,0.8616727941176472,7.617292191974184e-05
D,high,1.0,0.8903952205882355,7.63048314841788e-05
D,high,1.0,0.9191176470588237,7.231370692252879e-05
D,high,1.0,0.9478400735294119,6.890686375529855e-05
D,high,1.0,0.9765625000000002,6.0722085208522434e-05
D,high,1.0,1.0052849264705885,6.054076277011277e-05
D,high,1.0,1.0340073529411766,5.935573422911703e-05
D,high,1.0,1.062729779411765,5.141360908192186e-05
D,high,1.0,1.0914522058823533,4.951240284888442e-05
D,high,1.0,1.1201746323529413,4.500100484300594e-05
D,high,1.0,1.1488970588235297,4.215588971300469e-05
D,high,1.0,1.177619485294118,4.4483451854658034e-05
D,high,1.0,1.206341911764706,4.028188101231895e-05
D,high,1.0,1.2350643382352944,3.759237567344304e-05
D,high,1.0,1.2637867647058827,3.971615398938431e-05
D,high,1.0,1.2925091911764708,3.6871103746794236e-05
D,high,1.0,1.321231617647059,3.4103790664224924e-05
D,high,1.0,1.3499540441176474,3.469961814865756e-05
D,high,1.0,1.3786764705882355,3.293232670884229e-05
D,high,1.0,1.4073988970588238,3.0107924019221823e-05
D,high,1.0,1.4361213235294121,2.9006083558817956e-05
D,high,1.0,1.4648437500000002,2.90780268857882e-05
D,high,1.0,1.4935661764705885,2.7227689603919967e-05
D,high,1.0,1.5222886029411768,2.6156279917335555e-05
D,high,1.0,1.551011029411765,2.5549847727926538e-05
D,high,1.0,1.5797334558823533,2.3258141708380788e-05
D,high,1.0,1.6084558823529416,2.2943802735136125e-05
D,high,1.0,1.6371783088235297,2.1740697390957058e-05
D,high,1.0,1.665900735294118,2.252649825143157e-05
D,high,1.0,1.6946231617647063,2.2778362577646256e-05
D,high,1.0,1.7233455882352944,2.218430178746015e-05
D,high,1.0,1.7520680147058827,2.2356887733078095e-05
D,high,1.0,1.780790441176471,1.936351264902067e-05
D,high,1.0,1.809512867647059,1.9128129335758094e-05
D,high,1.0,1.8382352941176474,1.7804727445941996e-05
D,high,1.0,1.8669577205882357,1.5568036615529016e-05
D,high,1.0,1.8956801470588238,1.6404366434850464e-05
D,high,1.0,1.9244025735294121,1.712655091116141e-05
D,high,1.0,1.9531250000000004,1.683288050275839e-05
D,high,1.0,1.9818474264705885,1.617982479402461e-05
D,high,1.0,2.010569852941177,1.5787912296189154e-05
D,high,1.0,2.039292279411765,1.5073343889486536e-05
D,high,1.0,2.0680147058823533,1.3955262798971818e-05
D,high,1.0,2.0967371323529416,1.3756667738783739e-05
D,high,1.0,2.12545955882353,1.3449034984373643e-05
D,high,1.0,2.154181985294118,1.3524570532003704e-05
D,high,1.0,2.1829044117647065,1.326021026971245e-05
D,high,1.0,2.2116268382352944,1.3018250175624111e-05
D,high,1.0,2.2403492647058827,1.21338621892721e-05
D,high,1.0,2.269071691176471,1.1786986056337373e-05
D,high,1.0,2.2977941176470593,1.1952003661533098e-05
D,high,1.0,2.3265165441176476,1.2241905938787785e-05
D,high,1.0,2.355238970588236,1.1392682131076701e-05
D,high,1.0,2.383961397058824,1.0249069957393766e-05
D,high,1.0,2.412683823529412,1.0772926986638608e-05
D,high,1.0,2.4414062500000004,1.0634799309424813e-05
D,high,1.0,2.4701286764705888,1.0371642321739252e-05
D,high,1.0,2.498851102941177,1.0865910310400649e-05
D,high,1.0,2.5275735294117654,1.1258216180012283e-05
D,high,1.0,2.5562959558823533,1.033074083203956e-05
D,high,1.0,2.5850183823529416,9.317891809021856e-06
D,high,1.0,2.61374080882353,8.869720713111604e-06
D,high,1.0,2.642463235294118,9.283957062652352e-06
D,high,1.0,2.6711856617647065,9.209182516345981e-06
D,high,1.0,2.699908088235295,8.14186025490603e-06
D,high,1.0,2.7286305147058827,8.486308303887785e-06
D,high,1.0,2.757352941176471,9.057998594536191e-06
D,high,1.0,2.7860753676470593,8.386820738953546e-06
D,high,1.0,2.8147977941176476,8.358534832990267e-06
D,high,1.0,2.843520220588236,8.393262637391875e-06
D,high,1.0,2.8722426470588243,7.989238421228443e-06
D,high,1.0,2.900965073529412,7.754818111578784e-06
D,high,1.0,2.9296875000000004,7.821644370391338e-06
D,high,1.0,2.9584099264705888,7.41827290103706e-06
D,high,1.0,2.987132352941177,7.183092673201755e-06
D,high,1.0,3.0158547794117654,6.480841790217263e-06
D,high,1.0,3.0445772058823537,6.417231240295189e-06
D,high,1.0,3.0732996323529416,6.543463149626944e-06
D,high,1.0,3.10202205882353,6.494639108887954e-06
D,high,1.0,3.130744485294118,6.024830775533394e-06
D,high,1.0,3.1594669117647065,6.260831489413878e-06
D,high,1.0,3.188189338235295,6.472947754604076e-06
D,high,1.0,3.216911764705883,6.509310239834917e-06
D,high,1.0,3.245634191176471,6.362751586647374e-06
D,high,1.0,3.2743566176470593,5.646769843132579e-06
D,high,1.0,3.3030790441176476,6.2885687564758106e-06
D,high,1.0,3.331801470588236,5.892377128552641e-06
D,high,1.0,3.3605238970588243,5.6121079948738415e-06
D,high,1.0,3.3892463235294126,5.05728124658496e-06
D,high,1.0,3.4179687500000004,4.908352807916239e-06
D,high,1.0,3.4466911764705888,4.939110285811718e-06
D,high,1.0,3.475413602941177,5.2106942864722045e-06
D,high,1.0,3.5041360294117654,5.657378681658263e-06
D,high,1.0,3.5328584558823537,6.0388133338467565e-06
D,high,1.0,3.561580882352942,5.561043533146451e-06
D,high,1.0,3.59030330882353,5.160643871449928e-06
D,high,1.0,3.619025735294118,5.181787029529146e-06
D,high,1.0,3.6477481617647065,5.411898096851551e-06
D,high,1.0,3.676470588235295,4.532081992941779e-06
D,high,1.0,3.705193014705883,4.231655280211326e-06
D,high,1.0,3.7339154411764715,4.531574919532011e-06
D,high,1.0,3.7626378676470598,4.373100576380438e-06
D,high,1.0,3.7913602941176476,4.240033017419468e-06
D,high,1.0,3.820082720588236,4.531043375210019e-06
D,high,1.0,3.8488051470588243,4.678455826076684e-06
D,high,1.0,3.8775275735294126,4.434304205539947e-06
D,high,1.0,3.906250000000001,4.520432128730229e-06
D,high,1.0,3.934972426470589,3.886615315214113e-06
D,high,1.0,3.963694852941177,3.989504339779585e-06
D,high,1.0,3.9924172794117654,4.352683237814369e-06
D,high,1.0,4.021139705882354,4.054247461679467e-06
D,high,1.0,4.049862132352942,3.997573648790078e-06
D,high,1.0,4.07858455882353,3.780578444824485e-06
D,high,1.0,4.107306985294119,3.916760964770297e-06
D,high,1.0,4.1360294117647065,3.588984661670464e-06
D,high,1.0,4.164751838235295,3.603439782555453e-06
D,high,1.0,4.193474264705883,4.112573627734677e-06
D,high,1.0,4.222196691176471,3.6728906180759645e-06
D,high,1.0,4.25091911764706,3.6013899226547353e-06
D,high,1.0,4.279641544117648,3.989112707271098e-06
D,high,1.0,4.308363970588236,3.920624284088084e-06
D,high,1.0,4.337086397058824,3.6667651989427828e-06
D,high,1.0,4.365808823529413,3.5046728326327834e-06
D,high,1.0,4.394531250000001,3.4885731767071675e-06
D,high,1.0,4.423253676470589,3.4248851685163166e-06
D,high,1.0,4.4519761029411775,3.6248029144813313e-06
D,high,1.0,4.480698529411765,3.6790219781291867e-06
D,high,1.0,4.509420955882354,3.601995855254528e-06
D,high,1.0,4.538143382352942,3.427173985403262e-06
D,high,1.0,4.56686580882353,3.0984962266713957e-06
D,high,1.0,4.595588235294119,2.9512012205988383e-06
D,high,1.0,4.6243106617647065,3.2157018929447544e-06
D,high,1.0,4.653033088235295,3.0048307039357725e-06
D,high,1.0,4.681755514705883,3.0474558339699694e-06
D,high,1.0,4.710477941176472,3.010565569387682e-06
D,high,1.0,4.73920036764706,2.8566969176198602e-06
D,high,1.0,4.767922794117648,2.677285936476298e-06
D,high,1.0,4.796645220588236,2.735905052527091e-06
D,high,1.0,4.825367647058824,2.749822162077684e-06
D,high,1.0,4.854090073529413,2.9003697572041206e-06
D,high,1.0,4.882812500000001,2.9259263001886816e-06
D,high,1.0,4.911534926470589,2.6725039160001517e-06
D,high,1.0,4.9402573529411775,2.690648624820872e-06
D,high,1.0,4.968979779411765,2.7209046124652886e-06
D,high,1.0,4.997702205882354,2.65240349465094e-06
D,high,1.0,5.026424632352942,2.5702984568985792e-06
D,high,1.0,5.055147058823531,2.5798926847825765e-06
D,high,1.0,5.083869485294119,2.405324272047099e-06
D,high,1.0,5.1125919117647065,2.5233819332777004e-06
D,high,1.0,5.141314338235295,2.5196799238838745e-06
D,high,1.0,5.170036764705883,2.4656002307492696e-06
D,high,1.0,5.198759191176472,2.158475580019289e-06
D,high,1.0,5.22748161764706,2.572596090285192e-06
D,high,1.0,5.256204044117648,2.693666558137323e-06
D,high,1.0,5.284926470588236,2.420881162093267e-06
D,high,1.0,5.313648897058824,2.12387846819511e-06
D,high,1.0,5.342371323529413,2.15573525676009e-06
D,high,1.0,5.371093750000001,2.2925330657705718e-06
D,high,1.0,5.39981617647059,2.5035323502840627e-06
D,high,1.0,5.4285386029411775,2.52112635904701e-06
D,high,1.0,5.457261029411765,2.204220786239745e-06
D,high,1.0,5.485983455882354,2.3031981280425704e-06
D,high,1.0,5.514705882352942,2.235782640872769e-06
D,high,1.0,5.543428308823531,2.0898881386054135e-06
D,high,1.0,5.572150735294119,2.2788185207573186e-06
D,high,1.0,5.600873161764707,2.3182533134554274e-06
D,high,1.0,5.629595588235295,2.239496553803935e-06
D,high,1.0,5.658318014705883,2.1646166217757852e-06
D,high,1.0,5.687040441176472,2.039510393884052e-06
D,high,1.0,5.71576286764706,2.147703335093575e-06
D,high,1.0,5.7444852941176485,2.137321230428656e-06
D,high,1.0,5.773207720588236,1.9618235257960027e-06
D,high,1.0,5.801930147058824,2.0268255824388893e-06
D,high,1.0,5.830652573529413,2.08227521830771e-06
D,high,1.0,5.859375000000001,1.9458792564446538e-06
D,high,1.0,5.88809742647059,2.011957260646055e-06
D,high,1.0,5.9168198529411775,1.952891074696537e-06
D,high,1.0,5.945542279411766,1.8514763842668563e-06
D,high,1.0,5.974264705882354,1.948003134633804e-06
D,high,1.0,6.002987132352942,1.943469750126241e-06
D,high,1.0,6.031709558823531,1.9033796894605422e-06
D,high,1.0,6.060431985294119,1.8804613216731538e-06
D,high,1.0,6.089154411764707,1.8794147256173114e-06
D,high,1.0,6.117876838235295,1.998793053264111e-06
D,high,1.0,6.146599264705883,1.9283526160846534e-06
D,high,1.0,6.175321691176472,1.9150309387097536e-06
D,high,1.0,6.20404411764706,1.8462366502305105e-06
D,high,1.0,6.2327665441176485,1.76563428863432e-06
D,high,1.0,6.261488970588236,1.8873423823406753e-06
D,high,1.0,6.290211397058825,2.0189531231441535e-06
D,high,1.0,6.318933823529413,1.9118822404729237e-06
D,high,1.0,6.347656250000001,1.852346043182472e-06
D,high,1.0,6.37637867647059,1.8449356720717637e-06
D,high,1.0,6.4051011029411775,1.7604799265301505e-06
D,high,1.0,6.433823529411766,1.7847136395848818e-06
D,high,1.0,6.462545955882354,1.757708014739963e-06
D,high,1.0,6.491268382352942,1.8037495679810718e-06
D,high,1.0,6.519990808823531,1.7677425913710812e-06
D,high,1.0,6.548713235294119,1.827835544285006e-06
D,high,1.0,6.577435661764707,1.792658418822268e-06
D,high,1.0,6.606158088235295,1.8026660404735293e-06
D,high,1.0,6.634880514705884,1.7152816156015452e-06
D,high,1.0,6.663602941176472,1.640029049530905e-06
D,high,1.0,6.69232536764706,1.6485075148129387e-06
D,high,1.0,6.7210477941176485,1.6321437570539577e-06
D,high,1.0,6.749770220588236,1.3522186053678647e-06
D,high,1.0,6.778492647058825,1.4360909093446785e-06
D,high,1.0,6.807215073529413,1.6151162716163472e-06
D,high,1.0,6.835937500000001,1.520389897174493e-06
D,high,1.0,6.86465992647059,1.5992879121792058e-06
D,high,1.0,6.8933823529411775,1.6204615239940328e-06
D,high,1.0,6.922104779411766,1.4724297704188937e-06
D,high,1.0,6.950827205882354,1.6027213878633893e-06
D,high,1.0,6.979549632352943,1.55020393457876e-06
D,high,1.0,7.008272058823531,1.4858178797274033e-06
D,high,1.0,7.036994485294119,1.6382339235894491e-06
D,high,1.0,7.065716911764707,1.6465050077593533e-06
D,high,1.0,7.094439338235295,1.5195929193762182e-06
D,high,1.0,7.123161764705884,1.3626117725192674e-06
D,high,1.0,7.151884191176472,1.3596993019252094e-06
D,high,1.0,7.18060661764706,1.419281661472209e-06
D,high,1.0,7.2093290441176485,1.4628151075444182e-06
D,high,1.0,7.238051470588236,1.514664219394556e-06
D,high,1.0,7.266773897058825,1.4423329455822688e-06
D,high,1.0,7.295496323529413,1.6067261267529872e-06
D,high,1.0,7.324218750000002,1.502111883214755e-06
D,high,1.0,7.35294117647059,1.459644418272133e-06
D,high,1.0,7.3816636029411775,1.4298162693992849e-06
D,high,1.0,7.410386029411766,1.376244317392777e-06
D,high,1.0,7.439108455882354,1.241325547078571e-06
D,high,1.0,7.467830882352943,1.2966204024058257e-06
D,high,1.0,7.496553308823531,1.422846417431298e-06
D,high,1.0,7.5252757352941195,1.3768645218047137e-06
D,high,1.0,7.553998161764707,1.3227138631377069e-06
D,high,1.0,7.582720588235295,1.3105212511121646e-06
D,high,1.0,7.611443014705884,1.3581977216756266e-06
D,high,1.0,7.640165441176472,1.4534962086413843e-06
D,high,1.0,7.668887867647061,1.54297261817043e-06
D,high,1.0,7.6976102941176485,1.2940220038551891e-06
D,high,1.0,7.726332720588236,1.2806029801043823e-06
D,high,1.0,7.755055147058825,1.257302783242082e-06
D,high,1.0,7.783777573529413,1.329460270435715e-06
D,high,1.0,7.812500000000002,1.3490076633173886e-06
D,high,1.0,7.84122242647059,1.3110678338148122e-06
D,high,1.0,7.869944852941178,1.2781569168974957e-06
D,high,1.0,7.898667279411766,1.3756653144295852e-06
D,high,1.0,7.927389705882354,1.37056538711066e-06
D,high,1.0,7.956112132352943,1.309235893967424e-06
D,high,1.0,7.984834558823531,1.3730620087459634e-06
D,high,1.0,8.01355698529412,1.3149013811432004e-06
D,high,1.0,8.042279411764708,1.2238782689074937e-06
D,high,1.0,8.071001838235295,1.295567607442446e-06
D,high,1.0,8.099724264705884,1.2363024045579888e-06
D,high,1.0,8.128446691176473,1.2208693141458403e-06
D,high,1.0,8.15716911764706,1.2416196985875984e-06
D,high,1.0,8.185891544117649,1.1962624468266284e-06
D,high,1.0,8.214613970588237,1.2485307724199198e-06
D,high,1.0,8.243336397058824,1.3045349885131095e-06
D,high,1.0,8.272058823529413,1.3078371982951849e-06
D,high,1.0,8.300781250000002,1.2308537976238598e-06
D,high,1.0,8.32950367647059,1.2377649983316637e-06
D,high,1.0,8.358226102941178,1.1084775402855716e-06
D,high,1.0,8.386948529411766,1.1510998841946622e-06
D,high,1.0,8.415670955882355,1.1259965469842894e-06
D,high,1.0,8.444393382352942,1.1924434179530538e-06
D,high,1.0,8.47311580882353,1.211096588222132e-06
D,high,1.0,8.50183823529412,1.1706389671099731e-06
D,high,1.0,8.530560661764708,1.1228271278638539e-06
D,high,1.0,8.559283088235295,1.0950781790667517e-06
D,high,1.0,8.588005514705884,1.0653921897022534e-06
D,high,1.0,8.616727941176473,1.0709256923976873e-06
D,high,1.0,8.64545036764706,1.020790893404692e-06
D,high,1.0,8.674172794117649,1.053215700296998e-06
D,high,1.0,8.702895220588237,1.1095957069097704e-06
D,high,1.0,8.731617647058826,1.101506649038273e-06
D,high,1.0,8.760340073529413,1.061874097101465e-06
D,high,1.0,8.789062500000002,1.0217154932892597e-06
D,high,1.0,8.81778492647059,1.0102260703497668e-06
D,high,1.0,8.846507352941178,1.1402229579045285e-06
D,high,1.0,8.875229779411766,1.1042454722597009e-06
D,high,1.0,8.903952205882355,1.2108361043092088e-06
D,high,1.0,8.932674632352942,1.161922881161232e-06
D,high,1.0,8.96139705882353,1.0025589017070072e-06
D,high,1.0,8.99011948529412,9.939580908673793e-07
D,high,1.0,9.018841911764708,1.043743003702713e-06
D,high,1.0,9.047564338235295,1.0053821829704e-06
D,high,1.0,9.076286764705884,9.505955618672177e-07
D,high,1.0,9.105009191176473,9.170239179455339e-07
D,high,1.0,9.13373161764706,1.0317625787811124e-06
D,high,1.0,9.162454044117649,1.0063966935317736e-06
D,high,1.0,9.191176470588237,8.436569881338807e-07
D,high,1.0,9.219898897058826,8.767984733298938e-07
D,high,1.0,9.248621323529413,1.0616596238874014e-06
D,high,1.0,9.277343750000002,1.0261319491161244e-06
D,high,1.0,9.30606617647059,9.660295531624297e-07
D,high,1.0,9.334788602941178,9.252359950047744e-07
D,high,1.0,9.363511029411766,9.650354580563236e-07
D,high,1.0,9.392233455882355,1.015654759734678e-06
D,high,1.0,9.420955882352944,9.037353865233704e-07
D,high,1.0,9.44967830882353,8.806638270880181e-07
D,high,1.0,9.47840073529412,9.920708026847077e-07
D,high,1.0,9.507123161764708,1.0531393856296298e-06
D,high,1.0,9.535845588235295,1.1099486894077774e-06
D,high,1.0,9.564568014705884,9.968097845902236e-07
D,high,1.0,9.593290441176473,9.827982996566695e-07
D,high,1.0,9.622012867647062,1.0327785854553738e-06
D,high,1.0,9.650735294117649,1.0096950090205942e-06
D,high,1.0,9.679457720588237,9.688748949316773e-07
D,high,1.0,9.708180147058826,9.909763885978395e-07
D,high,1.0,9.736902573529413,9.528448614290833e-07
D,high,1.0,9.765625000000002,9.741684184687761e-07
D,high,1.0,9.79434742647059,9.331550471085935e-07
D,high,1.0,9.823069852941178,9.433100720635761e-07
D,high,1.0,9.851792279411766,9.741962060009488e-07
D,high,1.0,9.880514705882355,8.857265902133257e-07
D,high,1.0,9.909237132352944,8.833374055791915e-07
D,high,1.0,9.93795955882353,9.508914625269762e-07
D,high,1.0,9.96668198529412,9.065507321039538e-07
D,high,1.0,9.995404411764708,8.195576697517815e-07
D,high,1.0,10.024126838235295,8.423176320817393e-07
D,high,1.0,10.052849264705884,8.542190593806648e-07
D,high,1.0,10.081571691176473,7.560167221679926e-07
D,high,1.0,10.110294117647062,8.47057394104238e-07
D,high,1.0,10.139016544117649,9.279285566577079e-07
D,high,1.0,10.167738970588237,8.942273335545375e-07
D,high,1.0,10.196461397058826,8.339908346591355e-07
D,high,1.0,10.225183823529413,8.332677926149902e-07
D,high,1.0,10.253906250000002,9.102574542642796e-07
D,high,1.0,10.28262867647059,8.846147631653318e-07
D,high,1.0,10.31135110294118,8.402701246025204e-07
D,high,1.0,10.340073529411766,9.236300036206802e-07
D,high,1.0,10.368795955882355,9.509899560317901e-07
D,high,1.0,10.397518382352944,8.88547948561696e-07
D,high,1.0,10.42624080882353,8.435780116896893e-07
D,high,1.0,10.45496323529412,8.468207757764327e-07
D,high,1.0,10.483685661764708,8.891141949161482e-07
D,high,1.0,10.512408088235295,8.945769185273615e-07
D,high,1.0,10.541130514705884,8.52192372023908e-07
D,high,1.0,10.569852941176473,8.746681653092525e-07
D,high,1.0,10.598575367647062,9.154741672115041e-07
D,high,1.0,10.627297794117649,8.802422753394628e-07
D,high,1.0,10.656020220588237,8.490823546188037e-07
D,high,1.0,10.684742647058826,8.829144182693833e-07
D,high,1.0,10.713465073529413,8.35909765059225e-07
D,high,1.0,10.742187500000002,7.35856503879834e-07
D,high,1.0,10.77090992647059,7.092599163690931e-07
D,high,1.0,10.79963235294118,7.631154238489992e-07
D,high,1.0,10.828354779411766,8.493678831588497e-07
D,high,1.0,10.857077205882355,8.123808513389997e-07
D,high,1.0,10.885799632352944,8.643422547672065e-07
D,high,1.0,10.91452205882353,8.346366266494916e-07
D,high,1.0,10.94324448529412,7.777183326936711e-07
D,high,1.0,10.971966911764708,8.337831751577924e-07
D,high,1.0,11.000689338235297,8.778694963998207e-07
D,high,1.0,11.029411764705884,8.769930100140749e-07
D,high,1.0,11.058134191176473,8.279233504633056e-07
D,high,1.0,11.086856617647062,8.664693215523475e-07
D,high,1.0,11.115579044117649,8.706289979315478e-07
D,high,1.0,11.144301470588237,7.875967474214189e-07
D,high,1.0,11.173023897058826,7.487502140246038e-07
D,high,1.0,11.201746323529415,7.902938710006603e-07
D,high,1.0,11.230468750000002,8.617000854592747e-07
D,high,1.0,11.25919117647059,8.297601510906128e-07
D,high,1.0,11.28791360294118,8.621834852515695e-07
D,high,1.0,11.316636029411766,9.112242993284728e-07
D,high,1.0,11.345358455882355,9.176055853791988e-07
D,high,1.0,11.374080882352944,8.795296472978552e-07
D,high,1.0,11.40280330882353,8.039016367986802e-07
D,high,1.0,11.43152573529412,7.815472338003166e-07
D,high,1.0,11.460248161764708,7.373236276789748e-07
D,high,1.0,11.488970588235297,7.263027969515267e-07
D,high,1.0,11.517693014705884,7.309719011612006e-07
D,high,1.0,11.546415441176473,7.643578851549855e-07
D,high,1.0,11.575137867647062,7.931577812446881e-07
D,high,1.0,11.603860294117649,8.178421291871862e-07
D,high,1.0,11.632582720588237,7.822348582294879e-07
D,high,1.0,11.661305147058826,7.983607264558725e-07
D,high,1.0,11.690027573529415,8.363751511321618e-07
D,high,1.0,11.718750000000002,7.375701870359795e-07
D,high,1.0,11.74747242647059,8.05181330350636e-07
D,high,1.0,11.77619485294118,7.536903578773875e-07
D,high,1.0,11.804917279411766,7.187519627231885e-07
D,high,1.0,11.833639705882355,7.462537081721962e-07
D,high,1.0,11.862362132352944,7.710228610716468e-07
D,high,1.0,11.891084558823533,7.436334450840519e-07
D,high,1.0,11.91980698529412,8.107030940675796e-07
D,high,1.0,11.948529411764708,8.328692732288375e-07
D,high,1.0,11.977251838235297,7.89231528111002e-07
D,high,1.0,12.005974264705884,7.816290865740569e-07
D,high,1.0,12.034696691176473,8.627556736337164e-07
D,high,1.0,12.063419117647062,8.343767459515827e-07
D,high,1.0,12.092141544117649,7.380502330531099e-07
D,high,1.0,12.120863970588237,7.372194188220247e-07
D,high,1.0,12.149586397058826,7.146825617239838e-07
D,high,1.0,12.178308823529415,7.348400543991013e-07
D,high,1.0,12.207031250000002,7.663361241411057e-07
D,high,1.0,12.23575367647059,7.305054736307984e-07
D,high,1.0,12.26447610294118,7.526955198381962e-07
D,high,1.0,12.293198529411766,8.115906293218274e-07
D,high,1.0,12.321920955882355,7.119829409690113e-07
D,high,1.0,12.350643382352944,7.068634693274444e-07
D,high,1.0,12.379365808823533,7.27635369139092e-07
D,high,1.0,12.40808823529412,7.394120526979814e-07
D,high,1.0,12.436810661764708,7.532295093051032e-07
D,high,1.0,12.465533088235297,7.172425251713323e-07
D,high,1.0,12.494255514705884,7.407602005550264e-07
D,high,1.0,12.522977941176473,7.65545075356376e-07
D,high,1.0,12.551700367647062,6.922015908623369e-07
D,high,1.0,12.58042279411765,6.93811834367744e-07
D,high,1.0,12.609145220588237,7.261981674633259e-07
D,high,1.0,12.637867647058826,7.3950571392378e-07
D,high,1.0,12.666590073529415,7.916268289885066e-07
D,high,1.0,12.695312500000002,7.381727385301483e-07
D,high,1.0,12.72403492647059,7.362884439683839e-07
D,high,1.0,12.75275735294118,6.85966791271272e-07
D,high,1.0,12.781479779411766,7.059900471493232e-07
D,high,1.0,12.810202205882355,7.110377690799847e-07
D,high,1.0,12.838924632352944,7.967420059475637e-07
D,high,1.0,12.867647058823533,8.066337220350075e-07
D,high,1.0,12.89636948529412,7.881279624874904e-07
D,high,1.0,12.925091911764708,8.002614383657712e-07
D,high,1.0,12.953814338235297,7.076401551046365e-07
D,high,1.0,12.982536764705884,6.434497109544884e-07
D,high,1.0,13.011259191176473,7.320537388200427e-07
D,high,1.0,13.039981617647062,7.535378336776406e-07
D,high,1.0,13.06870404411765,7.334702860525252e-07
D,high,1.0,13.097426470588237,7.291160804353649e-07
D,high,1.0,13.126148897058826,6.902227751941999e-07
D,high,1.0,13.154871323529415,6.689759301067611e-07
D,high,1.0,13.183593750000002,7.793200527402058e-07
D,high,1.0,13.21231617647059,7.973006815326442e-07
D,high,1.0,13.24103860294118,7.32765087734132e-07
D,high,1.0,13.269761029411768,6.914357771251806e-07
D,high,1.0,13.298483455882355,7.154884024710011e-07
D,high,1.0,13.327205882352944,7.893477233776467e-07
D,high,1.0,13.355928308823533,7.514001692661682e-07
D,high,1.0,13.38465073529412,7.457543696757508e-07
D,high,1.0,13.413373161764708,7.712965410463116e-07
D,high,1.0,13.442095588235297,7.477438556022844e-07
D,high,1.0,13.470818014705886,7.37835106887025e-07
D,high,1.0,13.499540441176473,7.125841055943253e-07
D,high,1.0,13.528262867647062,6.958132672556325e-07
D,high,1.0,13.55698529411765,7.049472660704329e-07
D,high,1.0,13.585707720588237,7.372134044668305e-07
D,high,1.0,13.614430147058826,7.4714033313039e-07
D,high,1.0,13.643152573529415,7.439659016895239e-07
D,high,1.0,13.671875000000002,7.484866800753514e-07
D,high,1.0,13.70059742647059,7.730439158377113e-07
D,high,1.0,13.72931985294118,7.358019053857688e-07
D,high,1.0,13.758042279411768,7.347809836536342e-07
D,high,1.0,13.786764705882355,7.201862359158197e-07
D,high,1.0,13.815487132352944,7.125078782034991e-07
D,high,1.0,13.844209558823533,7.461534874066398e-07
D,high,1.0,13.87293198529412,7.320871001269284e-07
D,high,1.0,13.901654411764708,7.144217090966186e-07
D,high,1.0,13.930376838235297,7.173199346990375e-07
D,high,1.0,13.959099264705886,7.070181957810059e-07
D,high,1.0,13.987821691176473,7.250726275235068e-07
D,high,1.0,14.016544117647062,7.538117976729579e-07
D,high,1.0,14.04526654411765,6.988229619531838e-07
D,high,1.0,14.073988970588237,6.937681513117501e-07
D,high,1.0,14.102711397058826,6.835799130413879e-07
D,high,1.0,14.131433823529415,6.849172482766879e-07
D,high,1.0,14.160156250000004,7.026140630991332e-07
D,high,1.0,14.18887867647059,6.389166355015147e-07
D,high,1.0,14.21760110294118,6.497027472346747e-07
D,high,1.0,14.246323529411768,6.963943002202583e-07
D,high,1.0,14.275045955882355,6.855794138270533e-07
D,high,1.0,14.303768382352944,6.605440172209714e-07
D,high,1.0,14.332490808823533,6.843298834355133e-07
D,high,1.0,14.36121323529412,7.298055659771928e-07
D,high,1.0,14.389935661764708,7.554141293410674e-07
D,high,1.0,14.418658088235297,7.235591515631509e-07
D,high,1.0,14.447380514705886,6.753271653002445e-07
D,high,1.0,14.476102941176473,6.635348945215084e-07
D,high,1.0,14.504825367647062,7.066658582363198e-07
D,high,1.0,14.53354779411765,7.058470829051606e-07
D,high,1.0,14.562270220588237,7.279628292134994e-07
D,high,1.0,14.590992647058826,7.661723871756814e-07
D,high,1.0,14.619715073529415,7.529374121499532e-07
D,high,1.0,14.648437500000004,7.33959473661397e-07
D,high,1.0,14.67715992647059,6.828627999142796e-07
D,high,1.0,14.70588235294118,3.0011568237084545e-07
